Campaign_ID,Channel,Region,Quarter,Spend_INR,Revenue_INR,Impressions,Clicks,Conversions,CPC_INR,CTR_Percent,Conversion_Rate_Percent,Audience_Segment,Product_Category
C0001,Display,South,Q1,155415,211311,553598,10832,4341,14.35,1.96,40.08,Foodies,Grocery
C0002,Search,South,Q1,104932,132606,536979,6629,4304,15.83,1.23,64.93,Travelers,Finance
C0003,Display,West,Q1,152468,253262,416665,13706,4661,11.12,3.29,34.01,Fitness Buffs,Wellness
C0004,Email,West,Q2,57091,85283,582318,2222,1128,25.69,0.38,50.77,Students,Wellness
C0005,Social Media,East,Q1,107353,157625,458071,3577,2104,30.01,0.78,58.82,Parents,Finance
C0006,Email,West,Q4,106835,108892,215091,13008,2761,8.21,6.05,21.23,Homeowners,Grocery
C0007,Influencer,West,Q1,163116,218484,970871,5504,2825,29.64,0.57,51.33,Travelers,Apparel
C0008,Search,North,Q4,53121,79579,280970,12828,663,4.14,4.57,5.17,Fitness Buffs,Electronics
C0009,Display,North,Q3,98877,117656,794761,7604,4066,13.0,0.96,53.47,Travelers,Electronics
C0010,Display,East,Q4,53346,102071,342827,11843,3340,4.5,3.45,28.2,Parents,Electronics
C0011,Display,North,Q2,102767,151392,872533,18057,1560,5.69,2.07,8.64,Travelers,Furniture
C0012,Email,East,Q1,122412,184514,982183,8300,207,14.75,0.85,2.49,Students,Finance
C0013,Display,South,Q2,191556,377704,720810,17932,15643,10.68,2.49,87.24,Fitness Buffs,Apparel
C0014,Email,South,Q4,165129,233123,683660,5834,677,28.3,0.85,11.6,Techies,Travel
C0015,Email,South,Q1,197719,283436,554190,10333,9730,19.13,1.86,94.16,Techies,Education
C0016,Social Media,East,Q1,184472,208033,841207,5300,3637,34.81,0.63,68.62,Homeowners,Apparel
C0017,Social Media,South,Q4,68952,117161,878922,7608,313,9.06,0.87,4.11,Travelers,Grocery
C0018,Email,South,Q3,160424,288994,426652,10647,2933,15.07,2.5,27.55,Techies,Wellness
C0019,Display,South,Q4,194420,345733,227902,19856,6319,9.79,8.71,31.82,Homeowners,Travel
C0020,Social Media,West,Q2,125529,179168,424195,6947,2815,18.07,1.64,40.52,Fitness Buffs,Wellness
C0021,Email,East,Q2,119521,148876,390365,6028,2358,19.83,1.54,39.12,Parents,Education
C0022,Search,South,Q3,146971,220719,297049,3837,3518,38.3,1.29,91.69,Foodies,Travel
C0023,Email,East,Q3,77784,130347,921109,18870,5493,4.12,2.05,29.11,Homeowners,Finance
C0024,Display,West,Q3,100099,142153,202421,11410,7656,8.77,5.64,67.1,Homeowners,Education
C0025,Social Media,South,Q3,91601,128632,321585,11518,3886,7.95,3.58,33.74,Fitness Buffs,Education
C0026,Search,North,Q4,190937,316678,586218,19347,1143,9.87,3.3,5.91,Homeowners,Apparel
C0027,Social Media,South,Q4,126843,203999,248253,3266,1457,38.84,1.32,44.61,Students,Grocery
C0028,Social Media,North,Q3,141634,267918,799444,9569,7740,14.8,1.2,80.89,Fitness Buffs,Apparel
C0029,Email,West,Q2,89062,135384,219008,5221,4607,17.06,2.38,88.24,Foodies,Furniture
C0030,Social Media,South,Q1,77975,151830,660630,4914,2520,15.87,0.74,51.28,Parents,Wellness
C0031,Influencer,West,Q4,54561,95577,519934,9284,8461,5.88,1.79,91.14,Techies,Furniture
C0032,Social Media,South,Q2,74748,132386,119462,19520,6123,3.83,16.34,31.37,Homeowners,Travel
C0033,Social Media,East,Q3,177724,301773,206041,7966,3115,22.31,3.87,39.1,Parents,Apparel
C0034,Influencer,West,Q1,142961,168229,630961,17240,5962,8.29,2.73,34.58,Homeowners,Apparel
C0035,Email,West,Q4,160746,272014,144345,3234,1174,49.71,2.24,36.3,Travelers,Education
C0036,Social Media,North,Q2,188770,317495,152660,12846,4628,14.69,8.41,36.03,Fashionistas,Electronics
C0037,Social Media,North,Q2,122470,239828,947825,18935,4018,6.47,2.0,21.22,Homeowners,Grocery
C0038,Social Media,South,Q4,99670,105427,891282,15953,8220,6.25,1.79,51.53,Parents,Apparel
C0039,Social Media,North,Q3,77827,137659,387853,2175,1229,35.78,0.56,56.51,Fitness Buffs,Grocery
C0040,Social Media,West,Q3,110608,153903,463566,2648,1235,41.77,0.57,46.64,Techies,Furniture
C0041,Display,West,Q3,149927,281226,274118,6075,2325,24.68,2.22,38.27,Fitness Buffs,Education
C0042,Display,South,Q2,126821,145301,936150,18817,10418,6.74,2.01,55.36,Techies,Education
C0043,Influencer,West,Q2,63906,115458,801404,2126,2020,30.06,0.27,95.01,Travelers,Apparel
C0044,Social Media,East,Q1,153104,208074,520219,3185,2117,48.07,0.61,66.47,Techies,Furniture
C0045,Social Media,West,Q2,84162,167028,230465,19235,1203,4.38,8.35,6.25,Homeowners,Wellness
C0046,Email,West,Q2,133197,247659,402230,19761,17445,6.74,4.91,88.28,Fashionistas,Finance
C0047,Influencer,North,Q4,141184,184945,846797,9369,7255,15.07,1.11,77.44,Homeowners,Wellness
C0048,Influencer,North,Q2,129148,188631,315179,5085,4509,25.4,1.61,88.67,Homeowners,Finance
C0049,Influencer,North,Q4,78711,101662,148239,5380,3460,14.63,3.63,64.31,Fashionistas,Grocery
C0050,Social Media,South,Q4,56978,100998,452525,8063,6662,7.07,1.78,82.62,Homeowners,Finance
C0051,Social Media,East,Q3,98999,99029,368349,15585,3341,6.35,4.23,21.44,Techies,Apparel
C0052,Search,North,Q3,147588,290208,901736,2999,251,49.21,0.33,8.37,Foodies,Electronics
C0053,Search,North,Q1,59671,74297,542357,16883,13002,3.53,3.11,77.01,Fashionistas,Finance
C0054,Search,West,Q1,166002,213833,400408,3384,902,49.05,0.85,26.65,Travelers,Wellness
C0055,Search,West,Q4,135823,266462,607364,17812,9991,7.63,2.93,56.09,Homeowners,Furniture
C0056,Search,South,Q3,78427,155557,150210,10462,3093,7.5,6.96,29.56,Travelers,Travel
C0057,Display,West,Q2,157932,235961,769393,12931,775,12.21,1.68,5.99,Homeowners,Finance
C0058,Social Media,East,Q3,124069,157859,774201,15476,12287,8.02,2.0,79.39,Homeowners,Finance
C0059,Social Media,East,Q3,93172,175436,594142,7506,1325,12.41,1.26,17.65,Techies,Electronics
C0060,Influencer,North,Q1,97587,132886,236907,6564,6198,14.87,2.77,94.42,Homeowners,Apparel
C0061,Influencer,South,Q4,81114,148129,440697,11055,2683,7.34,2.51,24.27,Travelers,Finance
C0062,Influencer,South,Q1,117130,202319,887422,4039,1508,29.0,0.46,37.34,Techies,Finance
C0063,Email,South,Q3,115505,189688,522728,8083,1301,14.29,1.55,16.1,Travelers,Apparel
C0064,Search,West,Q1,116118,189149,633316,9867,3787,11.77,1.56,38.38,Travelers,Education
C0065,Social Media,East,Q1,181584,268752,731209,16094,6076,11.28,2.2,37.75,Students,Travel
C0066,Email,West,Q1,184171,229511,108419,8102,7186,22.73,7.47,88.69,Travelers,Grocery
C0067,Influencer,South,Q4,122044,205822,205312,12185,10075,10.02,5.93,82.68,Travelers,Education
C0068,Display,West,Q3,81910,90202,409898,13958,4233,5.87,3.41,30.33,Fitness Buffs,Wellness
C0069,Display,East,Q2,94952,170292,441720,10176,576,9.33,2.3,5.66,Techies,Furniture
C0070,Email,South,Q3,72632,122231,218893,18351,4070,3.96,8.38,22.18,Techies,Wellness
C0071,Display,East,Q1,138431,178913,991128,14405,7716,9.61,1.45,53.56,Foodies,Wellness
C0072,Display,South,Q1,55842,88676,631307,5079,1153,10.99,0.8,22.7,Fitness Buffs,Furniture
C0073,Display,West,Q4,182205,260999,800139,2371,2041,76.85,0.3,86.08,Parents,Wellness
C0074,Search,West,Q4,147078,226691,821839,14483,2290,10.16,1.76,15.81,Homeowners,Finance
C0075,Influencer,West,Q1,170041,172596,812283,2233,458,76.15,0.27,20.51,Parents,Travel
C0076,Email,North,Q3,113379,205372,558369,5180,309,21.89,0.93,5.97,Foodies,Grocery
C0077,Email,North,Q1,111260,210500,956930,14380,1842,7.74,1.5,12.81,Foodies,Apparel
C0078,Social Media,East,Q1,131472,177336,970423,17243,2758,7.62,1.78,15.99,Parents,Wellness
C0079,Search,South,Q4,130742,196450,218777,8594,5929,15.21,3.93,68.99,Foodies,Grocery
C0080,Social Media,East,Q2,182308,362310,676860,4810,1930,37.9,0.71,40.12,Techies,Finance
C0081,Social Media,East,Q2,132149,222874,590257,12201,9337,10.83,2.07,76.53,Techies,Furniture
C0082,Email,South,Q2,92807,182306,999198,13000,10079,7.14,1.3,77.53,Techies,Finance
C0083,Display,North,Q4,175704,210642,800502,6248,728,28.12,0.78,11.65,Travelers,Electronics
C0084,Search,East,Q2,189584,308511,218714,12692,8635,14.94,5.8,68.03,Parents,Electronics
C0085,Social Media,East,Q3,152332,170688,211966,4537,4471,33.58,2.14,98.55,Techies,Travel
C0086,Search,South,Q1,121783,219828,382120,5689,2344,21.41,1.49,41.2,Foodies,Furniture
C0087,Email,West,Q3,112785,118132,664932,14407,12184,7.83,2.17,84.57,Travelers,Electronics
C0088,Search,West,Q4,50690,64733,474484,8199,1244,6.18,1.73,15.17,Travelers,Wellness
C0089,Search,West,Q1,60455,96401,556887,3162,2009,19.12,0.57,63.54,Parents,Wellness
C0090,Social Media,East,Q4,92169,103061,484671,14153,8553,6.51,2.92,60.43,Parents,Travel
C0091,Search,South,Q1,55483,77116,497425,16870,3374,3.29,3.39,20.0,Students,Furniture
C0092,Email,North,Q4,160102,248839,266821,7729,2959,20.71,2.9,38.28,Students,Grocery
C0093,Display,South,Q1,197289,338395,840364,12524,10967,15.75,1.49,87.57,Fitness Buffs,Finance
C0094,Email,East,Q2,90197,100327,355237,7860,1814,11.48,2.21,23.08,Foodies,Electronics
C0095,Display,North,Q1,69050,72020,358386,7142,6130,9.67,1.99,85.83,Fitness Buffs,Finance
C0096,Email,East,Q2,171120,206768,529660,16286,1632,10.51,3.07,10.02,Homeowners,Travel
C0097,Display,East,Q2,93790,158589,750205,11818,7135,7.94,1.58,60.37,Travelers,Wellness
C0098,Influencer,East,Q1,61747,73958,997331,16948,15235,3.64,1.7,89.89,Students,Wellness
C0099,Display,South,Q4,54924,104329,741650,14726,11698,3.73,1.99,79.44,Fitness Buffs,Apparel
C0100,Search,North,Q1,94031,187718,347589,10226,2621,9.2,2.94,25.63,Foodies,Education
C0101,Email,West,Q2,170159,202566,783490,2841,2702,59.89,0.36,95.11,Students,Grocery
C0102,Display,South,Q2,62776,81969,861681,7415,276,8.47,0.86,3.72,Homeowners,Furniture
C0103,Display,West,Q2,71056,140843,130866,13140,7038,5.41,10.04,53.56,Travelers,Travel
C0104,Influencer,West,Q3,152006,233336,788205,8803,6757,17.27,1.12,76.76,Techies,Apparel
C0105,Social Media,North,Q4,128024,134348,905439,16307,3734,7.85,1.8,22.9,Students,Apparel
C0106,Display,North,Q4,158973,300304,288300,16719,8618,9.51,5.8,51.55,Fashionistas,Finance
C0107,Search,East,Q1,111523,200314,439000,13998,9337,7.97,3.19,66.7,Travelers,Finance
C0108,Email,East,Q1,83255,162796,788467,9814,2996,8.48,1.24,30.53,Fashionistas,Electronics
C0109,Display,South,Q2,194712,325559,300894,5642,5394,34.51,1.88,95.6,Parents,Finance
C0110,Influencer,North,Q2,84686,164987,206119,13272,12942,6.38,6.44,97.51,Homeowners,Electronics
C0111,Search,North,Q1,76751,99599,853420,10545,1602,7.28,1.24,15.19,Fitness Buffs,Grocery
C0112,Influencer,South,Q3,188607,245220,228972,11359,9155,16.6,4.96,80.6,Travelers,Finance
C0113,Influencer,South,Q1,95960,126476,627633,12475,3880,7.69,1.99,31.1,Homeowners,Grocery
C0114,Email,South,Q3,147984,204306,376940,11292,8443,13.11,3.0,74.77,Travelers,Furniture
C0115,Email,South,Q1,180438,272723,747074,5805,5218,31.08,0.78,89.89,Travelers,Wellness
C0116,Influencer,North,Q1,147994,217579,992015,19214,14468,7.7,1.94,75.3,Students,Finance
C0117,Display,West,Q1,155942,193940,900859,19539,11160,7.98,2.17,57.12,Students,Education
C0118,Social Media,South,Q3,193759,231928,744750,6409,359,30.23,0.86,5.6,Parents,Travel
C0119,Search,South,Q2,50760,84089,449265,18179,3125,2.79,4.05,17.19,Students,Travel
C0120,Influencer,South,Q2,52080,59393,741578,5773,1417,9.02,0.78,24.55,Foodies,Wellness
C0121,Influencer,East,Q2,112817,205761,536126,11117,10043,10.15,2.07,90.34,Fashionistas,Electronics
C0122,Influencer,West,Q2,158518,177920,255016,2669,1354,59.39,1.05,50.73,Parents,Grocery
C0123,Social Media,North,Q1,78583,147953,340481,3110,3098,25.27,0.91,99.61,Homeowners,Travel
C0124,Email,West,Q4,150286,173719,548898,5795,1689,25.93,1.06,29.15,Foodies,Apparel
C0125,Email,East,Q4,115250,170132,947228,2702,465,42.65,0.29,17.21,Travelers,Travel
C0126,Search,West,Q4,166354,256156,847319,19374,12525,8.59,2.29,64.65,Students,Electronics
C0127,Influencer,West,Q1,182202,350304,247888,5594,3229,32.57,2.26,57.72,Students,Education
C0128,Influencer,South,Q1,63752,65961,581229,9659,6061,6.6,1.66,62.75,Fitness Buffs,Education
C0129,Search,East,Q3,139786,173595,794711,16533,5749,8.45,2.08,34.77,Techies,Apparel
C0130,Email,West,Q2,170653,243804,876840,14042,1219,12.15,1.6,8.68,Students,Wellness
C0131,Email,West,Q1,112063,166334,833091,6549,516,17.11,0.79,7.88,Students,Education
C0132,Search,West,Q3,57424,69006,499259,10941,435,5.25,2.19,3.98,Homeowners,Apparel
C0133,Email,North,Q2,101793,203414,386569,17730,11453,5.74,4.59,64.6,Students,Grocery
C0134,Influencer,East,Q2,176228,214984,867755,14063,697,12.53,1.62,4.96,Students,Wellness
C0135,Display,North,Q3,196508,302040,813086,12394,6352,15.86,1.52,51.25,Students,Education
C0136,Influencer,South,Q2,116227,160929,813862,7344,2497,15.83,0.9,34.0,Students,Apparel
C0137,Search,East,Q4,55965,94593,389924,5425,2435,10.32,1.39,44.88,Homeowners,Grocery
C0138,Display,West,Q3,187303,188677,681618,18743,3501,9.99,2.75,18.68,Students,Electronics
C0139,Display,North,Q4,93733,104414,564606,2831,321,33.11,0.5,11.34,Parents,Furniture
C0140,Email,West,Q3,59656,79312,660261,5162,1350,11.56,0.78,26.15,Parents,Finance
C0141,Social Media,East,Q1,122547,152062,486204,4539,2101,27.0,0.93,46.29,Foodies,Education
C0142,Social Media,West,Q2,52899,102904,122261,16391,9254,3.23,13.41,56.46,Travelers,Wellness
C0143,Social Media,East,Q2,62588,72889,236583,2033,549,30.79,0.86,27.0,Travelers,Furniture
C0144,Influencer,South,Q4,71354,82131,203709,14688,11561,4.86,7.21,78.71,Techies,Wellness
C0145,Email,East,Q4,131551,245554,834440,11459,1961,11.48,1.37,17.11,Parents,Wellness
C0146,Influencer,South,Q2,128546,142075,903059,11408,4022,11.27,1.26,35.26,Fashionistas,Education
C0147,Social Media,East,Q4,68838,95333,183794,10794,4817,6.38,5.87,44.63,Foodies,Electronics
C0148,Email,North,Q3,191801,365416,438456,12470,2975,15.38,2.84,23.86,Parents,Travel
C0149,Influencer,West,Q4,89701,162508,406975,11888,9480,7.55,2.92,79.74,Foodies,Education
C0150,Email,South,Q4,152081,237553,825017,15682,9565,9.7,1.9,60.99,Fitness Buffs,Furniture
C0151,Email,South,Q2,162165,318753,599650,7220,320,22.46,1.2,4.43,Parents,Grocery
C0152,Social Media,West,Q2,120697,125458,939499,13801,9117,8.75,1.47,66.06,Homeowners,Grocery
C0153,Influencer,West,Q1,81941,133957,570069,13851,12309,5.92,2.43,88.87,Fashionistas,Wellness
C0154,Search,South,Q4,191241,332906,976063,16134,12725,11.85,1.65,78.87,Travelers,Travel
C0155,Influencer,North,Q2,161212,189924,682756,17352,1531,9.29,2.54,8.82,Foodies,Education
C0156,Display,North,Q4,152196,198949,655190,2202,500,69.12,0.34,22.71,Homeowners,Finance
C0157,Display,West,Q4,100810,139503,422863,19600,19324,5.14,4.64,98.59,Fashionistas,Electronics
C0158,Influencer,West,Q3,124271,220314,533536,19368,15186,6.42,3.63,78.41,Students,Electronics
C0159,Email,East,Q2,180555,242961,313970,12767,4329,14.14,4.07,33.91,Techies,Finance
C0160,Social Media,West,Q1,145519,276784,337020,3292,3177,44.2,0.98,96.51,Foodies,Travel
C0161,Social Media,West,Q3,169995,171920,240219,10604,153,16.03,4.41,1.44,Fashionistas,Finance
C0162,Email,West,Q1,190635,323176,643993,9317,7747,20.46,1.45,83.15,Foodies,Education
C0163,Influencer,North,Q1,155045,295465,102296,4759,2905,32.58,4.65,61.04,Travelers,Wellness
C0164,Social Media,West,Q4,136568,250461,228237,5355,3807,25.5,2.35,71.09,Techies,Grocery
C0165,Email,West,Q4,97181,176941,452228,3573,1514,27.2,0.79,42.37,Foodies,Grocery
C0166,Search,North,Q3,190505,255320,766318,4017,2220,47.42,0.52,55.27,Techies,Travel
C0167,Social Media,East,Q4,86128,149169,913304,10520,3823,8.19,1.15,36.34,Techies,Travel
C0168,Display,East,Q3,105352,141347,513104,14880,8555,7.08,2.9,57.49,Students,Grocery
C0169,Display,South,Q1,67433,102215,806859,14199,11706,4.75,1.76,82.44,Homeowners,Apparel
C0170,Social Media,West,Q4,147235,182971,903844,13858,5328,10.62,1.53,38.45,Foodies,Education
C0171,Search,East,Q3,151745,171915,780370,4281,3116,35.45,0.55,72.79,Fitness Buffs,Wellness
C0172,Search,North,Q1,93248,141360,660704,17135,10934,5.44,2.59,63.81,Fashionistas,Electronics
C0173,Search,North,Q1,83285,116472,556568,15683,12932,5.31,2.82,82.46,Fitness Buffs,Grocery
C0174,Display,North,Q4,140130,232038,499396,18457,12837,7.59,3.7,69.55,Travelers,Travel
C0175,Social Media,East,Q2,168407,208677,832072,12080,6438,13.94,1.45,53.29,Techies,Travel
C0176,Display,South,Q3,175867,315280,302044,13254,11964,13.27,4.39,90.27,Fashionistas,Wellness
C0177,Display,West,Q3,57442,95104,866380,9520,5401,6.03,1.1,56.73,Fashionistas,Education
C0178,Influencer,East,Q2,106387,118636,816466,15418,2861,6.9,1.89,18.56,Students,Education
C0179,Email,East,Q1,110510,180509,393066,2144,1278,51.54,0.55,59.61,Students,Finance
C0180,Search,North,Q4,163595,298017,890605,18223,11906,8.98,2.05,65.34,Travelers,Electronics
C0181,Influencer,North,Q2,98749,172446,279190,12636,393,7.81,4.53,3.11,Foodies,Education
C0182,Social Media,South,Q4,66107,120008,592151,6345,5453,10.42,1.07,85.94,Students,Wellness
C0183,Social Media,West,Q4,164242,215800,938117,10882,5186,15.09,1.16,47.66,Students,Finance
C0184,Display,North,Q4,169786,207309,811021,6591,4513,25.76,0.81,68.47,Homeowners,Travel
C0185,Social Media,South,Q1,61145,76611,598839,9680,7094,6.32,1.62,73.29,Fitness Buffs,Wellness
C0186,Display,North,Q4,91149,160057,887892,11617,4881,7.85,1.31,42.02,Fashionistas,Wellness
C0187,Email,West,Q4,97134,138549,649299,13117,1978,7.41,2.02,15.08,Homeowners,Wellness
C0188,Display,South,Q3,117376,216684,414045,18489,4050,6.35,4.47,21.9,Fashionistas,Finance
C0189,Social Media,East,Q3,161721,285999,308558,11927,11637,13.56,3.87,97.57,Travelers,Education
C0190,Display,West,Q2,101446,176460,203995,19640,10163,5.17,9.63,51.75,Travelers,Grocery
C0191,Email,South,Q2,163618,185926,928488,4197,127,38.98,0.45,3.03,Foodies,Finance
C0192,Social Media,East,Q2,162598,170711,776675,5930,5112,27.42,0.76,86.21,Parents,Furniture
C0193,Social Media,East,Q3,98904,168859,272065,9798,5846,10.09,3.6,59.67,Homeowners,Apparel
C0194,Search,West,Q4,150892,168710,963119,5041,4396,29.93,0.52,87.2,Students,Education
C0195,Social Media,East,Q2,100601,111933,199095,6769,474,14.86,3.4,7.0,Travelers,Grocery
C0196,Email,East,Q3,169663,238357,326503,18732,7669,9.06,5.74,40.94,Homeowners,Wellness
C0197,Influencer,West,Q2,161945,170594,306091,6852,904,23.63,2.24,13.19,Parents,Education
C0198,Email,West,Q3,174703,311969,276011,6437,5038,27.14,2.33,78.27,Fitness Buffs,Education
C0199,Influencer,West,Q4,143588,268345,773106,9088,1226,15.8,1.18,13.49,Fitness Buffs,Grocery
C0200,Display,West,Q2,133593,134089,290811,11972,6567,11.16,4.12,54.85,Students,Electronics
C0201,Influencer,East,Q2,149353,263762,265755,17966,1475,8.31,6.76,8.21,Parents,Furniture
C0202,Search,North,Q2,70983,140157,658578,17555,1464,4.04,2.67,8.34,Homeowners,Furniture
C0203,Social Media,West,Q2,139114,274596,749985,5882,324,23.65,0.78,5.51,Foodies,Electronics
C0204,Influencer,South,Q3,73459,102031,344826,7146,969,10.28,2.07,13.56,Foodies,Finance
C0205,Search,South,Q4,59065,115016,828955,10968,5957,5.39,1.32,54.31,Fitness Buffs,Wellness
C0206,Social Media,North,Q4,100901,106454,278085,3067,1386,32.9,1.1,45.19,Travelers,Wellness
C0207,Social Media,South,Q1,54844,79037,136169,10798,10421,5.08,7.93,96.51,Travelers,Grocery
C0208,Social Media,North,Q4,182949,327553,952706,3387,1308,54.02,0.36,38.62,Homeowners,Furniture
C0209,Email,East,Q1,71490,89972,650497,16477,11226,4.34,2.53,68.13,Students,Finance
C0210,Search,North,Q4,148839,294522,270790,13093,9977,11.37,4.84,76.2,Foodies,Travel
C0211,Influencer,North,Q3,134450,155120,616619,10163,1718,13.23,1.65,16.9,Parents,Education
C0212,Social Media,West,Q3,165976,209773,826881,6751,564,24.59,0.82,8.35,Homeowners,Wellness
C0213,Social Media,East,Q2,50909,58695,402264,19764,15524,2.58,4.91,78.55,Foodies,Wellness
C0214,Social Media,North,Q4,133768,165422,150922,4216,2997,31.73,2.79,71.09,Travelers,Electronics
C0215,Search,East,Q1,77324,134126,425345,13078,2559,5.91,3.07,19.57,Foodies,Travel
C0216,Display,North,Q2,180023,348237,594885,10679,6068,16.86,1.8,56.82,Students,Electronics
C0217,Search,North,Q4,107211,151749,261722,19356,13373,5.54,7.4,69.09,Fashionistas,Grocery
C0218,Influencer,North,Q4,157880,160249,805944,10710,10402,14.74,1.33,97.12,Students,Grocery
C0219,Display,South,Q3,86351,148291,839203,15377,4690,5.62,1.83,30.5,Homeowners,Travel
C0220,Display,West,Q2,58517,60685,928444,12330,3829,4.75,1.33,31.05,Homeowners,Wellness
C0221,Display,South,Q1,169985,303048,778165,9980,7883,17.03,1.28,78.99,Travelers,Apparel
C0222,Display,West,Q3,86172,143739,647163,11089,10856,7.77,1.71,97.9,Techies,Finance
C0223,Email,South,Q3,140437,247251,880740,14973,13459,9.38,1.7,89.89,Techies,Grocery
C0224,Display,East,Q4,77465,132271,317129,10868,1263,7.13,3.43,11.62,Travelers,Travel
C0225,Search,North,Q2,197131,340177,136289,12196,1878,16.16,8.95,15.4,Travelers,Education
C0226,Influencer,South,Q4,91950,171326,923779,15310,4965,6.01,1.66,32.43,Travelers,Wellness
C0227,Display,West,Q2,143915,204334,831183,10744,8983,13.39,1.29,83.61,Fashionistas,Electronics
C0228,Search,North,Q3,73446,119761,542067,13245,3504,5.55,2.44,26.46,Travelers,Education
C0229,Influencer,East,Q4,96824,162399,562966,18838,2383,5.14,3.35,12.65,Techies,Education
C0230,Display,North,Q4,170679,195249,483135,12215,7748,13.97,2.53,63.43,Fashionistas,Grocery
C0231,Display,North,Q1,199425,201604,164279,14467,6881,13.78,8.81,47.56,Fashionistas,Apparel
C0232,Social Media,West,Q1,90393,173523,826916,9247,7992,9.78,1.12,86.43,Fitness Buffs,Finance
C0233,Display,West,Q4,198846,245877,258711,5813,3328,34.21,2.25,57.25,Parents,Electronics
C0234,Email,South,Q2,116811,122270,402063,11099,9563,10.52,2.76,86.16,Travelers,Travel
C0235,Search,West,Q2,166516,282998,643187,12998,8094,12.81,2.02,62.27,Travelers,Electronics
C0236,Social Media,North,Q3,68450,70626,452109,19704,17827,3.47,4.36,90.47,Homeowners,Apparel
C0237,Email,East,Q2,106480,156207,341868,2413,2232,44.13,0.71,92.5,Students,Travel
C0238,Social Media,East,Q2,50039,56337,696239,8179,5212,6.12,1.17,63.72,Parents,Grocery
C0239,Search,North,Q1,136780,248077,419890,18395,12053,7.44,4.38,65.52,Travelers,Furniture
C0240,Display,East,Q4,66817,77450,383819,6360,2750,10.51,1.66,43.24,Students,Travel
C0241,Email,North,Q1,152456,184680,914880,19865,3996,7.67,2.17,20.12,Travelers,Grocery
C0242,Email,North,Q2,151140,242109,777486,9486,183,15.93,1.22,1.93,Techies,Electronics
C0243,Social Media,West,Q1,198268,336059,999773,17319,2443,11.45,1.73,14.11,Travelers,Travel
C0244,Search,South,Q3,93570,154925,826289,2128,212,43.97,0.26,9.96,Students,Grocery
C0245,Social Media,North,Q2,129837,259660,627553,19308,14583,6.72,3.08,75.53,Travelers,Travel
C0246,Display,East,Q1,113204,127745,353619,5306,5194,21.34,1.5,97.89,Fashionistas,Grocery
C0247,Social Media,South,Q4,55189,99777,299803,7892,1680,6.99,2.63,21.29,Fitness Buffs,Apparel
C0248,Social Media,North,Q1,129687,193728,276852,9967,8570,13.01,3.6,85.98,Fashionistas,Grocery
C0249,Search,East,Q4,62827,97932,609768,2933,2212,21.42,0.48,75.42,Travelers,Finance
C0250,Social Media,West,Q1,132161,188925,174365,18636,417,7.09,10.69,2.24,Homeowners,Finance
C0251,Influencer,East,Q4,60902,62230,576473,14488,6665,4.2,2.51,46.0,Homeowners,Electronics
C0252,Social Media,West,Q1,79422,115772,402070,13889,10254,5.72,3.45,73.83,Travelers,Finance
C0253,Social Media,West,Q4,95629,122261,880978,3899,1451,24.53,0.44,37.21,Fitness Buffs,Furniture
C0254,Search,West,Q3,169958,198809,798655,13523,6932,12.57,1.69,51.26,Techies,Wellness
C0255,Influencer,West,Q2,85251,118857,905391,18347,2653,4.65,2.03,14.46,Foodies,Finance
C0256,Social Media,South,Q1,55974,106094,574366,4038,3966,13.86,0.7,98.22,Foodies,Grocery
C0257,Social Media,North,Q3,134277,143448,140055,7098,4979,18.92,5.07,70.15,Travelers,Travel
C0258,Influencer,South,Q2,141462,150991,282189,19897,13812,7.11,7.05,69.42,Techies,Electronics
C0259,Social Media,North,Q1,91322,151702,772871,17079,13450,5.35,2.21,78.75,Parents,Finance
C0260,Influencer,South,Q3,175833,237961,757849,16615,6947,10.58,2.19,41.81,Fitness Buffs,Electronics
C0261,Email,East,Q3,68030,92632,134081,12275,7953,5.54,9.15,64.79,Fashionistas,Electronics
C0262,Influencer,West,Q3,195879,253202,374507,11575,6493,16.92,3.09,56.1,Travelers,Apparel
C0263,Email,West,Q4,90051,120506,926474,2465,1456,36.53,0.27,59.07,Fashionistas,Electronics
C0264,Email,North,Q3,118453,235845,164589,9349,3620,12.67,5.68,38.72,Techies,Furniture
C0265,Email,North,Q1,66370,121530,488721,4977,2673,13.34,1.02,53.71,Travelers,Furniture
C0266,Email,South,Q1,103868,163128,423284,3982,2703,26.08,0.94,67.88,Techies,Finance
C0267,Search,West,Q4,76265,94700,193627,13786,2042,5.53,7.12,14.81,Travelers,Apparel
C0268,Display,North,Q2,92372,127928,934673,17256,2680,5.35,1.85,15.53,Travelers,Travel
C0269,Email,East,Q4,98363,180756,639467,4271,1510,23.03,0.67,35.35,Fitness Buffs,Education
C0270,Influencer,South,Q2,119400,122107,581308,16630,12277,7.18,2.86,73.82,Travelers,Travel
C0271,Social Media,East,Q3,109863,144008,248033,8197,5165,13.4,3.3,63.01,Foodies,Wellness
C0272,Social Media,South,Q2,119974,144315,797848,10320,2197,11.63,1.29,21.29,Fashionistas,Grocery
C0273,Social Media,West,Q2,161489,242126,702673,7645,1668,21.12,1.09,21.82,Homeowners,Finance
C0274,Social Media,East,Q2,124610,202030,162664,12720,11779,9.8,7.82,92.6,Parents,Furniture
C0275,Email,West,Q2,92749,185273,270024,15081,6077,6.15,5.59,40.3,Foodies,Furniture
C0276,Influencer,North,Q2,138522,151118,452923,10663,6049,12.99,2.35,56.73,Students,Finance
C0277,Display,East,Q1,170841,309500,274996,17518,15720,9.75,6.37,89.74,Techies,Furniture
C0278,Search,East,Q2,81542,98852,475949,19617,636,4.16,4.12,3.24,Students,Travel
C0279,Display,East,Q4,192476,220577,876516,3779,2717,50.93,0.43,71.9,Students,Furniture
C0280,Display,South,Q3,130910,231638,196829,6593,5482,19.86,3.35,83.15,Parents,Wellness
C0281,Display,North,Q4,97733,111553,478382,13339,502,7.33,2.79,3.76,Techies,Travel
C0282,Social Media,East,Q4,53930,86709,572455,18769,17428,2.87,3.28,92.86,Fitness Buffs,Travel
C0283,Email,West,Q1,198555,316322,783337,11917,4601,16.66,1.52,38.61,Travelers,Wellness
C0284,Display,East,Q3,173916,226241,916251,7016,5738,24.79,0.77,81.78,Homeowners,Travel
C0285,Social Media,South,Q2,154764,249215,440624,7514,6763,20.6,1.71,90.01,Foodies,Education
C0286,Search,North,Q4,183321,267450,330184,4756,630,38.55,1.44,13.25,Techies,Electronics
C0287,Social Media,North,Q4,77386,121853,124089,7827,7144,9.89,6.31,91.27,Fashionistas,Education
C0288,Display,North,Q1,68868,130920,733145,8936,5099,7.71,1.22,57.06,Fitness Buffs,Education
C0289,Display,North,Q2,79524,96003,519185,6611,6064,12.03,1.27,91.73,Fashionistas,Grocery
C0290,Display,East,Q2,136719,215444,177058,6818,4991,20.05,3.85,73.2,Fashionistas,Apparel
C0291,Email,South,Q1,142580,229987,771863,15486,7419,9.21,2.01,47.91,Fitness Buffs,Grocery
C0292,Influencer,South,Q2,73577,103369,427678,3959,1497,18.58,0.93,37.81,Fashionistas,Wellness
C0293,Display,North,Q4,145897,249289,260375,19561,2665,7.46,7.51,13.62,Travelers,Grocery
C0294,Search,East,Q2,100072,183307,608733,18200,8095,5.5,2.99,44.48,Students,Electronics
C0295,Display,North,Q1,68132,98407,515837,2056,589,33.14,0.4,28.65,Parents,Grocery
C0296,Email,West,Q1,84645,90724,666282,18428,8209,4.59,2.77,44.55,Foodies,Travel
C0297,Display,West,Q4,65801,119547,448412,12517,10326,5.26,2.79,82.5,Foodies,Wellness
C0298,Social Media,North,Q2,86746,152154,732823,4510,4317,19.23,0.62,95.72,Fashionistas,Education
C0299,Display,South,Q2,143722,207932,100224,10750,2552,13.37,10.73,23.74,Techies,Travel
C0300,Influencer,South,Q2,81228,156386,881099,7203,4804,11.28,0.82,66.69,Travelers,Travel
C0301,Display,North,Q3,59565,92818,391995,11555,3242,5.15,2.95,28.06,Fashionistas,Furniture
C0302,Email,East,Q4,175581,324229,121547,19783,2822,8.88,16.28,14.26,Students,Travel
C0303,Search,East,Q2,136978,221108,395245,10567,5993,12.96,2.67,56.71,Students,Education
C0304,Social Media,West,Q3,107978,172516,693361,10250,3558,10.53,1.48,34.71,Foodies,Electronics
C0305,Influencer,West,Q4,61944,64237,111102,11462,8847,5.4,10.32,77.19,Fitness Buffs,Finance
C0306,Social Media,North,Q3,150497,270492,669482,3366,902,44.71,0.5,26.8,Parents,Grocery
C0307,Email,South,Q4,119815,226740,166387,7051,158,16.99,4.24,2.24,Students,Wellness
C0308,Search,South,Q4,197580,293163,765796,4641,1188,42.57,0.61,25.6,Foodies,Education
C0309,Display,North,Q1,112207,118301,821623,13132,11903,8.54,1.6,90.64,Fashionistas,Grocery
C0310,Social Media,North,Q4,139180,158820,863468,16597,13271,8.39,1.92,79.96,Homeowners,Education
C0311,Email,East,Q2,99990,112997,479285,6963,4229,14.36,1.45,60.74,Homeowners,Travel
C0312,Social Media,North,Q3,128788,230196,999275,9734,4733,13.23,0.97,48.62,Parents,Grocery
C0313,Email,North,Q2,55363,79466,106841,9643,840,5.74,9.03,8.71,Homeowners,Electronics
C0314,Influencer,West,Q1,154096,214304,861752,6990,5710,22.05,0.81,81.69,Homeowners,Grocery
C0315,Search,West,Q2,143808,267772,244727,15478,14952,9.29,6.32,96.6,Techies,Apparel
C0316,Display,East,Q3,160370,260090,154178,19383,8424,8.27,12.57,43.46,Homeowners,Wellness
C0317,Email,North,Q2,59065,74603,978752,7577,6052,7.8,0.77,79.87,Fitness Buffs,Travel
C0318,Influencer,North,Q1,160413,184863,678718,17771,2618,9.03,2.62,14.73,Travelers,Wellness
C0319,Search,West,Q1,72162,108297,651499,6306,3249,11.44,0.97,51.52,Travelers,Travel
C0320,Influencer,North,Q1,193701,360750,257770,3507,229,55.23,1.36,6.53,Students,Furniture
C0321,Social Media,North,Q2,197565,233506,201781,9182,6530,21.52,4.55,71.12,Homeowners,Apparel
C0322,Display,South,Q1,117811,226208,835081,19454,7140,6.06,2.33,36.7,Travelers,Wellness
C0323,Search,East,Q1,88442,100510,440087,4428,3984,19.97,1.01,89.97,Foodies,Electronics
C0324,Email,East,Q1,56516,73474,191963,12319,3076,4.59,6.42,24.97,Fitness Buffs,Travel
C0325,Search,East,Q1,76424,134368,123477,18336,3461,4.17,14.85,18.88,Techies,Wellness
C0326,Display,North,Q3,116788,135598,989808,13835,9991,8.44,1.4,72.22,Parents,Furniture
C0327,Influencer,East,Q1,157844,287007,773862,17836,9211,8.85,2.3,51.64,Travelers,Grocery
C0328,Email,East,Q1,82571,137061,585858,2141,542,38.57,0.37,25.32,Homeowners,Electronics
C0329,Display,West,Q4,101170,130806,795082,12105,7547,8.36,1.52,62.35,Homeowners,Furniture
C0330,Social Media,East,Q4,52185,87914,137888,10513,3467,4.96,7.62,32.98,Parents,Grocery
C0331,Search,North,Q2,142165,177172,285154,3474,2761,40.92,1.22,79.48,Parents,Grocery
C0332,Social Media,North,Q4,149860,216386,483532,17134,2155,8.75,3.54,12.58,Fashionistas,Education
C0333,Email,East,Q2,105989,161052,535938,12140,4659,8.73,2.27,38.38,Parents,Travel
C0334,Influencer,West,Q4,98498,140532,113126,13210,3520,7.46,11.68,26.65,Fitness Buffs,Apparel
C0335,Social Media,East,Q1,61857,118072,273942,5745,5162,10.77,2.1,89.85,Parents,Wellness
C0336,Search,East,Q1,140996,150977,704979,6774,6654,20.81,0.96,98.23,Parents,Furniture
C0337,Search,North,Q3,163023,325114,615714,10357,10206,15.74,1.68,98.54,Travelers,Furniture
C0338,Influencer,South,Q3,62148,82686,565598,13912,4574,4.47,2.46,32.88,Parents,Travel
C0339,Social Media,West,Q2,65284,88012,334373,13852,3928,4.71,4.14,28.36,Fashionistas,Finance
C0340,Email,North,Q1,189688,307349,572701,10622,1782,17.86,1.85,16.78,Techies,Wellness
C0341,Influencer,North,Q3,177666,191501,305434,12440,9316,14.28,4.07,74.89,Parents,Furniture
C0342,Display,West,Q1,95370,142722,937644,8479,1220,11.25,0.9,14.39,Homeowners,Education
C0343,Display,North,Q3,198842,365998,803345,6323,1706,31.45,0.79,26.98,Foodies,Electronics
C0344,Display,West,Q1,146011,168893,127428,7696,251,18.97,6.04,3.26,Homeowners,Apparel
C0345,Display,North,Q1,151144,291529,450030,16412,1570,9.21,3.65,9.57,Foodies,Travel
C0346,Search,East,Q3,163003,219091,746977,8087,6319,20.16,1.08,78.14,Parents,Electronics
C0347,Influencer,West,Q1,74882,133759,545920,8576,7958,8.73,1.57,92.79,Homeowners,Finance
C0348,Display,West,Q4,119689,141428,725654,18567,13633,6.45,2.56,73.43,Parents,Electronics
C0349,Social Media,North,Q1,116631,127943,981258,7182,5759,16.24,0.73,80.19,Fitness Buffs,Wellness
C0350,Display,East,Q3,163303,250625,186725,17321,12296,9.43,9.28,70.99,Students,Grocery
C0351,Search,East,Q3,139284,249469,659390,16421,9070,8.48,2.49,55.23,Fitness Buffs,Apparel
C0352,Social Media,North,Q1,166148,199945,542110,13029,4684,12.75,2.4,35.95,Fitness Buffs,Travel
C0353,Display,West,Q1,184675,275474,422428,19814,16053,9.32,4.69,81.02,Foodies,Grocery
C0354,Influencer,South,Q4,111086,189602,259888,11643,5714,9.54,4.48,49.08,Homeowners,Apparel
C0355,Email,East,Q4,193453,329984,220114,5905,4252,32.76,2.68,72.01,Travelers,Apparel
C0356,Email,West,Q1,187619,283680,777604,14959,4152,12.54,1.92,27.76,Students,Furniture
C0357,Display,South,Q4,109632,216520,156553,5902,2382,18.58,3.77,40.36,Foodies,Furniture
C0358,Display,South,Q3,99720,166379,730220,5749,4484,17.35,0.79,78.0,Techies,Education
C0359,Search,South,Q4,136263,262947,888987,18740,5321,7.27,2.11,28.39,Students,Travel
C0360,Influencer,West,Q3,84860,148986,219145,5410,876,15.69,2.47,16.19,Parents,Furniture
C0361,Search,South,Q4,88494,114840,775378,18873,1566,4.69,2.43,8.3,Fashionistas,Wellness
C0362,Display,South,Q3,166962,323700,853622,12438,12005,13.42,1.46,96.52,Fitness Buffs,Furniture
C0363,Email,South,Q3,136376,239215,709945,6394,224,21.33,0.9,3.5,Techies,Wellness
C0364,Search,North,Q3,189164,312220,198591,15209,3979,12.44,7.66,26.16,Techies,Finance
C0365,Email,East,Q2,151360,165641,274810,4498,1831,33.65,1.64,40.71,Travelers,Apparel
C0366,Email,North,Q4,117110,210648,867445,4424,997,26.47,0.51,22.54,Techies,Apparel
C0367,Social Media,West,Q1,194735,305840,787181,7294,5016,26.7,0.93,68.77,Foodies,Grocery
C0368,Search,West,Q3,190437,261052,737046,13367,3332,14.25,1.81,24.93,Fashionistas,Electronics
C0369,Email,South,Q1,114927,198649,369667,6695,132,17.17,1.81,1.97,Techies,Finance
C0370,Social Media,East,Q4,60595,113212,885003,2775,420,21.84,0.31,15.14,Techies,Wellness
C0371,Email,East,Q2,156927,259983,624469,15944,2351,9.84,2.55,14.75,Parents,Finance
C0372,Search,West,Q2,118528,142488,562557,14048,6017,8.44,2.5,42.83,Travelers,Education
C0373,Search,North,Q1,123025,220867,230056,5667,4618,21.71,2.46,81.49,Techies,Furniture
C0374,Influencer,West,Q2,198102,309392,848172,10229,5539,19.37,1.21,54.15,Homeowners,Furniture
C0375,Influencer,West,Q4,61586,96098,406475,14602,5914,4.22,3.59,40.5,Techies,Electronics
C0376,Search,East,Q1,138412,226344,462641,14096,9658,9.82,3.05,68.52,Travelers,Grocery
C0377,Email,West,Q2,174873,193688,759471,18677,3066,9.36,2.46,16.42,Parents,Education
C0378,Email,South,Q4,134470,218270,293899,9364,8732,14.36,3.19,93.25,Fashionistas,Education
C0379,Search,West,Q4,181577,201498,617909,6814,6788,26.65,1.1,99.62,Travelers,Travel
C0380,Social Media,North,Q2,164358,182242,801707,16797,2011,9.78,2.1,11.97,Travelers,Education
C0381,Social Media,South,Q2,140309,185650,178014,5684,1335,24.68,3.19,23.49,Homeowners,Travel
C0382,Search,South,Q4,128518,209489,930251,8839,7262,14.54,0.95,82.16,Homeowners,Furniture
C0383,Search,South,Q3,87387,133854,994639,19771,13588,4.42,1.99,68.73,Parents,Electronics
C0384,Display,West,Q2,52743,78282,137672,17976,13994,2.93,13.06,77.85,Fitness Buffs,Wellness
C0385,Influencer,East,Q4,168085,210052,608348,15695,10468,10.71,2.58,66.7,Travelers,Travel
C0386,Search,North,Q2,167521,201299,775255,11768,7695,14.24,1.52,65.39,Foodies,Wellness
C0387,Influencer,West,Q4,107884,136960,881643,14741,8949,7.32,1.67,60.71,Techies,Electronics
C0388,Social Media,South,Q4,119791,230142,872884,17841,10930,6.71,2.04,61.26,Parents,Travel
C0389,Social Media,East,Q1,143472,205821,891736,11725,7483,12.24,1.31,63.82,Fitness Buffs,Furniture
C0390,Display,South,Q1,193056,320246,756745,15863,12484,12.17,2.1,78.7,Travelers,Apparel
C0391,Display,South,Q1,71634,75226,789317,12105,11436,5.92,1.53,94.47,Foodies,Wellness
C0392,Social Media,West,Q2,64433,88008,769957,8599,6553,7.49,1.12,76.21,Fitness Buffs,Education
C0393,Search,North,Q2,128343,214708,646871,9112,8568,14.09,1.41,94.03,Techies,Electronics
C0394,Social Media,East,Q3,151788,281898,608305,5155,4405,29.44,0.85,85.45,Students,Apparel
C0395,Search,South,Q1,111704,198687,247686,18976,7469,5.89,7.66,39.36,Techies,Apparel
C0396,Search,East,Q2,69606,72713,214254,14245,4369,4.89,6.65,30.67,Fitness Buffs,Travel
C0397,Influencer,East,Q1,169270,334376,195461,3316,2756,51.05,1.7,83.11,Foodies,Education
C0398,Display,East,Q1,97382,146110,788632,16175,5231,6.02,2.05,32.34,Students,Furniture
C0399,Influencer,South,Q2,145671,290210,657415,4479,1030,32.52,0.68,23.0,Foodies,Education
C0400,Search,North,Q2,138214,211020,936203,12414,2423,11.13,1.33,19.52,Travelers,Apparel
C0401,Display,North,Q4,111379,135894,388602,4248,2687,26.22,1.09,63.25,Travelers,Finance
C0402,Influencer,West,Q3,111768,204753,256042,11854,4451,9.43,4.63,37.55,Parents,Electronics
C0403,Search,West,Q2,104764,128638,942706,9628,1157,10.88,1.02,12.02,Fashionistas,Education
C0404,Social Media,North,Q2,189444,288953,589778,19016,6819,9.96,3.22,35.86,Students,Travel
C0405,Influencer,West,Q3,125631,185274,570816,6470,5553,19.42,1.13,85.83,Homeowners,Education
C0406,Email,West,Q3,83617,133026,313539,16599,6396,5.04,5.29,38.53,Parents,Finance
C0407,Email,South,Q2,198056,317865,342893,3225,2916,61.41,0.94,90.42,Students,Electronics
C0408,Influencer,East,Q3,161166,279663,434426,12699,10129,12.69,2.92,79.76,Travelers,Travel
C0409,Search,North,Q3,135923,271237,269542,15437,12780,8.81,5.73,82.79,Foodies,Furniture
C0410,Display,South,Q2,89281,104834,942575,10433,2427,8.56,1.11,23.26,Fashionistas,Wellness
C0411,Social Media,East,Q3,63152,73993,465808,5658,150,11.16,1.21,2.65,Fitness Buffs,Grocery
C0412,Email,North,Q2,188508,321150,143257,3534,983,53.34,2.47,27.82,Techies,Apparel
C0413,Display,East,Q3,174135,196481,848137,17012,5895,10.24,2.01,34.65,Foodies,Apparel
C0414,Influencer,East,Q3,183725,364519,114524,5875,672,31.27,5.13,11.44,Techies,Electronics
C0415,Social Media,South,Q1,69242,70920,710032,3242,331,21.36,0.46,10.21,Fashionistas,Furniture
C0416,Email,South,Q4,106936,134612,308378,8686,1155,12.31,2.82,13.3,Fitness Buffs,Education
C0417,Social Media,South,Q3,76344,116248,496457,11034,4130,6.92,2.22,37.43,Parents,Furniture
C0418,Search,West,Q3,90520,123830,881153,8753,3474,10.34,0.99,39.69,Techies,Apparel
C0419,Influencer,South,Q4,61229,79834,492209,6964,4121,8.79,1.41,59.18,Fashionistas,Grocery
C0420,Display,East,Q1,145244,191762,717250,17026,14096,8.53,2.37,82.79,Homeowners,Furniture
C0421,Display,South,Q4,138678,217399,852238,15676,3280,8.85,1.84,20.92,Parents,Finance
C0422,Search,West,Q1,169188,325224,109773,5905,2949,28.65,5.38,49.94,Homeowners,Electronics
C0423,Display,North,Q1,147010,188076,160180,9637,8511,15.25,6.02,88.32,Techies,Education
C0424,Social Media,North,Q4,165891,170764,754989,13019,11561,12.74,1.72,88.8,Travelers,Furniture
C0425,Display,West,Q1,58590,94327,589160,11970,11235,4.89,2.03,93.86,Techies,Education
C0426,Search,South,Q3,105062,209137,339646,6281,1580,16.73,1.85,25.16,Foodies,Apparel
C0427,Email,North,Q3,67898,110010,612650,17283,14759,3.93,2.82,85.4,Foodies,Education
C0428,Influencer,West,Q4,163568,320431,729858,19682,12702,8.31,2.7,64.54,Homeowners,Grocery
C0429,Email,East,Q2,74549,75760,710183,11870,6557,6.28,1.67,55.24,Fashionistas,Education
C0430,Email,West,Q2,71971,104880,989739,2043,1994,35.23,0.21,97.6,Techies,Finance
C0431,Display,South,Q3,103502,172723,271675,18117,13624,5.71,6.67,75.2,Students,Wellness
C0432,Social Media,West,Q1,97091,168898,545844,6499,6378,14.94,1.19,98.14,Fashionistas,Finance
C0433,Display,South,Q2,176620,213626,208402,5510,1515,32.05,2.64,27.5,Homeowners,Electronics
C0434,Display,North,Q3,190546,247614,161271,16366,15418,11.64,10.15,94.21,Travelers,Furniture
C0435,Search,North,Q4,133688,149999,753505,11301,4874,11.83,1.5,43.13,Homeowners,Electronics
C0436,Influencer,West,Q4,143983,144102,778554,11397,944,12.63,1.46,8.28,Travelers,Electronics
C0437,Email,South,Q1,190307,259768,931184,8027,496,23.71,0.86,6.18,Homeowners,Electronics
C0438,Display,West,Q1,110104,140027,674613,17089,15774,6.44,2.53,92.3,Parents,Travel
C0439,Display,West,Q1,75950,137847,940925,9453,8207,8.03,1.0,86.82,Homeowners,Furniture
C0440,Email,East,Q1,136439,181924,513778,11559,7254,11.8,2.25,62.76,Homeowners,Education
C0441,Social Media,North,Q1,78396,150408,591335,8120,3635,9.65,1.37,44.77,Homeowners,Travel
C0442,Social Media,West,Q2,144563,264925,991215,17200,2740,8.4,1.74,15.93,Students,Electronics
C0443,Display,West,Q4,151476,163827,243072,2512,1051,60.3,1.03,41.84,Fashionistas,Education
C0444,Influencer,North,Q3,199666,397372,854494,6797,1097,29.38,0.8,16.14,Foodies,Education
C0445,Social Media,West,Q2,181519,331676,536781,3392,1311,53.51,0.63,38.65,Parents,Grocery
C0446,Display,West,Q3,95952,96525,676922,3537,2042,27.13,0.52,57.73,Techies,Grocery
C0447,Social Media,West,Q2,148426,197508,248999,16294,14215,9.11,6.54,87.24,Fitness Buffs,Finance
C0448,Email,West,Q3,54896,108373,706707,7164,3871,7.66,1.01,54.03,Homeowners,Wellness
C0449,Social Media,East,Q1,121802,153678,348360,6436,834,18.93,1.85,12.96,Students,Furniture
C0450,Search,South,Q4,128152,210088,633626,10749,4605,11.92,1.7,42.84,Parents,Education
C0451,Search,South,Q4,53718,101924,701159,12834,3745,4.19,1.83,29.18,Parents,Apparel
C0452,Display,North,Q3,185313,195659,425675,16802,10654,11.03,3.95,63.41,Homeowners,Travel
C0453,Social Media,North,Q2,87184,122885,746343,12620,2040,6.91,1.69,16.16,Students,Electronics
C0454,Social Media,South,Q3,183625,267938,105492,11230,4915,16.35,10.65,43.77,Techies,Finance
C0455,Social Media,West,Q1,124822,238256,418096,13190,9242,9.46,3.15,70.07,Parents,Travel
C0456,Email,East,Q4,188473,286568,976223,10191,6369,18.49,1.04,62.5,Techies,Travel
C0457,Search,South,Q2,88046,117952,435634,7943,3050,11.08,1.82,38.4,Homeowners,Wellness
C0458,Influencer,West,Q1,50097,95116,480310,12976,10697,3.86,2.7,82.44,Homeowners,Apparel
C0459,Influencer,South,Q3,142412,261143,989696,18110,3554,7.86,1.83,19.62,Students,Wellness
C0460,Display,West,Q2,56068,75006,539040,8480,6191,6.61,1.57,73.01,Fitness Buffs,Apparel
C0461,Display,West,Q3,66521,95294,119603,19023,1296,3.5,15.91,6.81,Foodies,Grocery
C0462,Search,North,Q3,80106,157090,257397,12751,651,6.28,4.95,5.11,Students,Travel
C0463,Display,North,Q4,150011,195848,580460,18573,12453,8.08,3.2,67.05,Students,Electronics
C0464,Search,North,Q1,116707,198576,941869,6413,4070,18.2,0.68,63.46,Homeowners,Electronics
C0465,Social Media,South,Q1,172371,336982,279561,18425,13467,9.36,6.59,73.09,Parents,Education
C0466,Search,North,Q2,79897,106759,377060,9586,8660,8.33,2.54,90.34,Travelers,Finance
C0467,Influencer,West,Q3,72399,125095,606663,12443,8090,5.82,2.05,65.02,Travelers,Apparel
C0468,Search,West,Q3,93218,137952,810703,4303,3490,21.66,0.53,81.11,Fashionistas,Electronics
C0469,Display,West,Q2,70748,128919,683857,11075,7068,6.39,1.62,63.82,Foodies,Finance
C0470,Email,West,Q3,106008,119865,925900,4097,4028,25.87,0.44,98.32,Parents,Furniture
C0471,Display,West,Q1,156285,244833,252850,11743,9436,13.31,4.64,80.35,Fitness Buffs,Furniture
C0472,Social Media,South,Q4,170154,202582,906744,6361,2562,26.75,0.7,40.28,Techies,Furniture
C0473,Influencer,West,Q2,163065,254750,945420,12190,4636,13.38,1.29,38.03,Foodies,Grocery
C0474,Email,North,Q1,194832,371650,129477,3280,1731,59.4,2.53,52.77,Travelers,Grocery
C0475,Influencer,South,Q1,67511,73775,805750,2365,653,28.55,0.29,27.61,Techies,Wellness
C0476,Social Media,South,Q4,137641,194578,275891,7181,4803,19.17,2.6,66.88,Students,Finance
C0477,Email,South,Q4,172610,224342,703537,5720,2944,30.18,0.81,51.47,Students,Grocery
C0478,Email,South,Q4,129250,210779,543120,6640,2807,19.47,1.22,42.27,Foodies,Finance
C0479,Social Media,North,Q4,144717,234682,348627,10745,1903,13.47,3.08,17.71,Parents,Travel
C0480,Social Media,West,Q2,51727,69989,507651,18850,5876,2.74,3.71,31.17,Students,Apparel
C0481,Social Media,West,Q3,125906,232915,989810,18102,3563,6.96,1.83,19.68,Fashionistas,Grocery
C0482,Social Media,East,Q3,144084,152321,856310,9744,3103,14.79,1.14,31.85,Fitness Buffs,Travel
C0483,Influencer,East,Q3,70297,140176,537990,7338,3297,9.58,1.36,44.93,Fitness Buffs,Electronics
C0484,Email,West,Q2,165001,279874,916315,2328,1338,70.88,0.25,57.47,Techies,Grocery
C0485,Search,West,Q2,191286,205872,262775,11786,7469,16.23,4.49,63.37,Students,Education
C0486,Display,North,Q2,175658,235328,149269,14324,3714,12.26,9.6,25.93,Fitness Buffs,Apparel
C0487,Influencer,East,Q3,153728,254701,656228,7721,2534,19.91,1.18,32.82,Parents,Travel
C0488,Display,West,Q1,106524,194550,280184,18334,18021,5.81,6.54,98.29,Homeowners,Education
C0489,Search,West,Q4,105377,173371,137898,13437,6055,7.84,9.74,45.06,Fashionistas,Grocery
C0490,Search,North,Q3,118469,199311,398858,18940,3233,6.25,4.75,17.07,Fashionistas,Furniture
C0491,Social Media,West,Q4,193001,225781,693180,14799,5026,13.04,2.13,33.96,Parents,Grocery
C0492,Email,East,Q1,80005,108963,986232,5384,3889,14.86,0.55,72.23,Techies,Finance
C0493,Email,West,Q1,55277,92554,422306,18932,14143,2.92,4.48,74.7,Travelers,Wellness
C0494,Email,North,Q4,172458,277782,457937,14013,9581,12.31,3.06,68.37,Techies,Finance
C0495,Email,North,Q4,73458,110005,370656,15592,6668,4.71,4.21,42.77,Techies,Furniture
C0496,Search,South,Q2,99200,192197,446482,13582,10109,7.3,3.04,74.43,Parents,Furniture
C0497,Display,West,Q4,133639,219972,224157,15085,10634,8.86,6.73,70.49,Fitness Buffs,Furniture
C0498,Influencer,East,Q3,80674,91795,242742,8801,7725,9.17,3.63,87.77,Travelers,Finance
C0499,Social Media,East,Q2,87627,126733,848532,14952,5747,5.86,1.76,38.44,Foodies,Electronics
C0500,Display,South,Q4,144153,154553,350328,6569,308,21.94,1.88,4.69,Techies,Furniture
C0501,Email,West,Q4,172136,181984,260698,14303,3873,12.03,5.49,27.08,Parents,Education
C0502,Influencer,South,Q4,57990,104982,200826,13819,6645,4.2,6.88,48.09,Homeowners,Electronics
C0503,Influencer,North,Q4,98940,146659,188268,8819,4640,11.22,4.68,52.61,Homeowners,Grocery
C0504,Social Media,West,Q2,155059,211101,127087,5677,4811,27.31,4.47,84.75,Fashionistas,Education
C0505,Display,West,Q1,143325,273135,737025,5396,1760,26.56,0.73,32.62,Foodies,Electronics
C0506,Search,East,Q1,135773,187012,752432,9760,1918,13.91,1.3,19.65,Fitness Buffs,Furniture
C0507,Influencer,South,Q2,77507,129246,501715,6093,441,12.72,1.21,7.24,Fitness Buffs,Education
C0508,Influencer,South,Q3,148768,225443,121769,15195,11208,9.79,12.48,73.76,Techies,Furniture
C0509,Display,North,Q3,109681,216732,713163,10646,8008,10.3,1.49,75.22,Homeowners,Education
C0510,Search,North,Q3,85012,139966,834699,13243,7928,6.42,1.59,59.87,Fashionistas,Wellness
C0511,Display,East,Q1,92107,121899,688938,18181,12378,5.07,2.64,68.08,Homeowners,Education
C0512,Email,West,Q4,177767,334263,366840,16201,3538,10.97,4.42,21.84,Homeowners,Grocery
C0513,Email,South,Q1,83984,156724,390060,18308,12941,4.59,4.69,70.68,Fitness Buffs,Furniture
C0514,Social Media,East,Q4,138159,237472,718615,2420,357,57.09,0.34,14.75,Travelers,Education
C0515,Influencer,South,Q2,82608,121779,600996,4635,3197,17.82,0.77,68.98,Homeowners,Wellness
C0516,Email,South,Q3,130655,148011,174757,16407,11766,7.96,9.39,71.71,Travelers,Wellness
C0517,Display,East,Q4,93547,123957,261885,2076,450,45.06,0.79,21.68,Travelers,Electronics
C0518,Search,North,Q2,92469,108133,283454,6682,1546,13.84,2.36,23.14,Fitness Buffs,Grocery
C0519,Influencer,North,Q3,160114,227943,106400,15726,15491,10.18,14.78,98.51,Techies,Electronics
C0520,Email,East,Q4,153708,304781,342680,17386,15626,8.84,5.07,89.88,Fitness Buffs,Electronics
C0521,Social Media,West,Q3,156424,212910,346103,17836,16343,8.77,5.15,91.63,Techies,Electronics
C0522,Social Media,East,Q4,102287,189416,608494,7642,4239,13.38,1.26,55.47,Parents,Electronics
C0523,Search,East,Q3,165171,283128,279374,12887,6330,12.82,4.61,49.12,Fashionistas,Education
C0524,Display,North,Q4,67623,125273,573093,3114,539,21.72,0.54,17.31,Travelers,Furniture
C0525,Social Media,North,Q3,95485,174882,957725,8705,607,10.97,0.91,6.97,Foodies,Wellness
C0526,Social Media,North,Q3,194772,278723,305924,2861,584,68.08,0.94,20.41,Parents,Travel
C0527,Social Media,North,Q2,191733,357820,652787,9555,1514,20.07,1.46,15.85,Foodies,Wellness
C0528,Email,North,Q1,138855,177449,394248,6751,4545,20.57,1.71,67.32,Students,Finance
C0529,Social Media,South,Q1,98475,113384,933195,5220,3820,18.86,0.56,73.18,Students,Electronics
C0530,Influencer,West,Q3,180386,288981,405564,18788,12766,9.6,4.63,67.95,Fashionistas,Finance
C0531,Email,East,Q2,76982,77318,391578,9440,4954,8.15,2.41,52.48,Techies,Electronics
C0532,Search,North,Q3,184976,198122,475328,6325,4367,29.25,1.33,69.04,Students,Grocery
C0533,Email,West,Q1,140804,235846,232419,6781,6587,20.76,2.92,97.14,Fashionistas,Furniture
C0534,Search,North,Q3,136140,243303,296041,6541,5013,20.81,2.21,76.64,Travelers,Education
C0535,Search,East,Q2,106268,190486,493371,6923,5875,15.35,1.4,84.86,Parents,Electronics
C0536,Email,South,Q2,140079,212984,250493,15866,1620,8.83,6.33,10.21,Fitness Buffs,Apparel
C0537,Display,West,Q3,144202,207430,244459,4180,547,34.5,1.71,13.09,Students,Finance
C0538,Social Media,North,Q2,57237,95704,899506,14611,14532,3.92,1.62,99.46,Techies,Apparel
C0539,Search,West,Q1,92765,165829,325842,12971,304,7.15,3.98,2.34,Students,Finance
C0540,Email,East,Q3,101656,177189,961870,17001,1806,5.98,1.77,10.62,Homeowners,Apparel
C0541,Display,North,Q1,86075,108574,568329,12053,4426,7.14,2.12,36.72,Homeowners,Wellness
C0542,Display,East,Q2,67875,68860,214773,8170,2305,8.31,3.8,28.21,Homeowners,Apparel
C0543,Search,East,Q4,61903,76846,715827,11179,345,5.54,1.56,3.09,Fashionistas,Wellness
C0544,Display,North,Q4,96809,137507,364374,5631,3931,17.19,1.55,69.81,Fitness Buffs,Finance
C0545,Social Media,North,Q2,148625,230054,959357,12711,7753,11.69,1.32,60.99,Fashionistas,Education
C0546,Influencer,East,Q3,136768,234110,357050,13156,7879,10.4,3.68,59.89,Fashionistas,Travel
C0547,Social Media,North,Q4,111030,183326,751385,14887,2429,7.46,1.98,16.32,Fashionistas,Education
C0548,Search,West,Q1,166088,166163,209630,11153,1106,14.89,5.32,9.92,Travelers,Education
C0549,Display,West,Q1,115443,225428,802801,10380,9163,11.12,1.29,88.28,Parents,Education
C0550,Influencer,North,Q2,105596,128540,427124,11952,7488,8.84,2.8,62.65,Fashionistas,Apparel
C0551,Search,South,Q3,197137,366369,616381,7990,3788,24.67,1.3,47.41,Techies,Wellness
C0552,Email,West,Q1,180310,259490,478439,3384,2404,53.28,0.71,71.04,Fashionistas,Travel
C0553,Social Media,North,Q2,60841,113531,106480,15301,3168,3.98,14.37,20.7,Fitness Buffs,Wellness
C0554,Search,East,Q4,161310,182112,543980,6756,3773,23.88,1.24,55.85,Travelers,Electronics
C0555,Email,South,Q3,131327,156672,909276,19624,7972,6.69,2.16,40.62,Foodies,Apparel
C0556,Display,North,Q3,126361,164176,463094,6762,5514,18.69,1.46,81.54,Students,Electronics
C0557,Search,North,Q2,94192,135514,675843,18962,1152,4.97,2.81,6.08,Fitness Buffs,Wellness
C0558,Social Media,South,Q4,186441,208653,195896,5215,1442,35.75,2.66,27.65,Techies,Wellness
C0559,Email,East,Q1,170625,306044,294836,11591,11533,14.72,3.93,99.5,Students,Wellness
C0560,Display,West,Q4,90167,165269,424005,7199,6564,12.52,1.7,91.18,Fashionistas,Education
C0561,Social Media,West,Q3,114488,194538,714435,15398,10097,7.44,2.16,65.57,Fashionistas,Apparel
C0562,Email,West,Q1,67628,80674,817605,10056,9164,6.73,1.23,91.13,Homeowners,Wellness
C0563,Search,West,Q4,114335,127070,264042,17046,9180,6.71,6.46,53.85,Travelers,Apparel
C0564,Search,East,Q3,91501,177828,664161,17462,12291,5.24,2.63,70.39,Fashionistas,Finance
C0565,Display,South,Q2,103139,131769,793355,3026,1353,34.08,0.38,44.71,Students,Grocery
C0566,Social Media,East,Q1,168747,247664,125401,12530,4630,13.47,9.99,36.95,Parents,Furniture
C0567,Social Media,South,Q3,125793,177114,264357,10295,3238,12.22,3.89,31.45,Students,Apparel
C0568,Search,West,Q3,64659,91457,688698,14219,13098,4.55,2.06,92.12,Travelers,Grocery
C0569,Email,West,Q2,169584,193836,223858,13953,1322,12.15,6.23,9.47,Homeowners,Apparel
C0570,Influencer,North,Q2,123877,219882,241984,13325,12180,9.3,5.51,91.41,Parents,Electronics
C0571,Display,South,Q2,199472,219693,280455,15849,14257,12.59,5.65,89.96,Parents,Wellness
C0572,Influencer,North,Q3,94199,166908,471901,17380,13095,5.42,3.68,75.35,Students,Travel
C0573,Display,West,Q2,191317,294973,109844,3325,2803,57.54,3.03,84.3,Students,Furniture
C0574,Influencer,West,Q4,191611,326239,853205,9356,5592,20.48,1.1,59.77,Homeowners,Travel
C0575,Email,South,Q2,132770,189593,906243,2464,834,53.88,0.27,33.85,Techies,Furniture
C0576,Influencer,South,Q3,175188,327136,520770,13050,12184,13.42,2.51,93.36,Techies,Education
C0577,Display,East,Q2,131528,148744,461401,17893,17562,7.35,3.88,98.15,Travelers,Travel
C0578,Influencer,West,Q3,144550,219940,623638,19792,14762,7.3,3.17,74.59,Homeowners,Furniture
C0579,Display,West,Q4,163373,180287,399550,8947,5990,18.26,2.24,66.95,Fitness Buffs,Education
C0580,Email,North,Q2,100105,125502,323368,6844,3818,14.63,2.12,55.79,Techies,Travel
C0581,Influencer,South,Q2,129273,201548,310964,15840,1768,8.16,5.09,11.16,Travelers,Wellness
C0582,Search,North,Q4,61702,84666,424754,15011,367,4.11,3.53,2.44,Parents,Travel
C0583,Search,North,Q4,199909,234876,268482,7004,3285,28.54,2.61,46.9,Parents,Education
C0584,Display,North,Q3,193907,286565,534972,9399,6620,20.63,1.76,70.43,Travelers,Grocery
C0585,Search,West,Q3,185881,369715,491536,3273,944,56.79,0.67,28.84,Foodies,Travel
C0586,Search,North,Q4,105251,205498,349825,10398,5964,10.12,2.97,57.36,Foodies,Education
C0587,Email,North,Q2,161641,189684,951740,18758,4348,8.62,1.97,23.18,Students,Grocery
C0588,Influencer,North,Q3,164811,246396,775989,15272,3657,10.79,1.97,23.95,Techies,Apparel
C0589,Search,West,Q1,75582,94813,267238,13678,4863,5.53,5.12,35.55,Fashionistas,Travel
C0590,Search,North,Q3,183466,319315,741524,5136,3215,35.72,0.69,62.6,Students,Finance
C0591,Influencer,North,Q2,168790,315562,540600,3064,2811,55.09,0.57,91.74,Travelers,Grocery
C0592,Email,West,Q4,126352,148373,125293,12234,11759,10.33,9.76,96.12,Techies,Electronics
C0593,Influencer,South,Q1,74633,120961,923883,11585,883,6.44,1.25,7.62,Parents,Travel
C0594,Display,West,Q4,162378,317945,588405,2166,632,74.97,0.37,29.18,Travelers,Electronics
C0595,Social Media,South,Q3,106778,120828,349336,4162,3618,25.66,1.19,86.93,Fashionistas,Furniture
C0596,Social Media,South,Q3,133682,164509,786636,7813,5335,17.11,0.99,68.28,Parents,Education
C0597,Search,West,Q3,144505,236968,963409,14720,13897,9.82,1.53,94.41,Parents,Wellness
C0598,Influencer,South,Q1,74190,132337,764702,16199,7172,4.58,2.12,44.27,Homeowners,Grocery
C0599,Social Media,East,Q3,171247,233806,477694,2234,1226,76.65,0.47,54.88,Fitness Buffs,Electronics
C0600,Search,East,Q1,75911,97954,749429,19160,7856,3.96,2.56,41.0,Fitness Buffs,Apparel
C0601,Influencer,East,Q2,108815,214286,358142,3841,653,28.33,1.07,17.0,Travelers,Education
C0602,Social Media,South,Q2,134469,255944,802195,13276,3438,10.13,1.65,25.9,Fitness Buffs,Travel
C0603,Email,North,Q3,123973,143968,747336,6838,5847,18.13,0.91,85.51,Parents,Furniture
C0604,Social Media,South,Q3,131763,133815,793886,7551,2078,17.45,0.95,27.52,Travelers,Apparel
C0605,Search,North,Q1,61989,115390,655408,19435,9073,3.19,2.97,46.68,Homeowners,Grocery
C0606,Influencer,South,Q3,92223,162322,705329,16335,14098,5.65,2.32,86.31,Foodies,Education
C0607,Search,North,Q1,118857,122611,348015,7906,3125,15.03,2.27,39.53,Fashionistas,Grocery
C0608,Social Media,North,Q1,175205,236858,462872,15062,7552,11.63,3.25,50.14,Techies,Electronics
C0609,Social Media,East,Q1,128332,184516,723147,10036,9913,12.79,1.39,98.77,Fitness Buffs,Finance
C0610,Social Media,South,Q3,72788,127273,153055,2174,101,33.48,1.42,4.65,Foodies,Apparel
C0611,Search,West,Q2,120924,129866,413610,14767,8866,8.19,3.57,60.04,Foodies,Grocery
C0612,Display,South,Q3,88247,130110,793103,18033,15977,4.89,2.27,88.6,Techies,Education
C0613,Search,East,Q4,91035,103271,276535,19375,14255,4.7,7.01,73.57,Fashionistas,Apparel
C0614,Influencer,West,Q4,55937,84882,799875,3912,1447,14.3,0.49,36.99,Travelers,Electronics
C0615,Search,South,Q3,125218,237761,662201,19699,10677,6.36,2.97,54.2,Homeowners,Electronics
C0616,Social Media,East,Q4,65197,124295,368428,19213,7921,3.39,5.21,41.23,Techies,Travel
C0617,Social Media,East,Q4,188205,240991,936542,2185,1522,86.14,0.23,69.66,Techies,Grocery
C0618,Email,South,Q4,137486,261323,300713,16835,6452,8.17,5.6,38.32,Travelers,Finance
C0619,Search,West,Q3,100347,149750,762560,16857,16037,5.95,2.21,95.14,Students,Furniture
C0620,Display,North,Q1,167369,261284,690405,19327,3750,8.66,2.8,19.4,Travelers,Furniture
C0621,Display,South,Q4,93196,116840,896689,10865,8785,8.58,1.21,80.86,Fitness Buffs,Travel
C0622,Social Media,South,Q2,119964,218009,778105,7983,170,15.03,1.03,2.13,Students,Education
C0623,Social Media,North,Q2,63233,72581,627863,13504,215,4.68,2.15,1.59,Fitness Buffs,Finance
C0624,Social Media,North,Q3,91137,165493,793453,10021,849,9.09,1.26,8.47,Techies,Wellness
C0625,Social Media,East,Q2,69468,107987,868509,3683,1875,18.86,0.42,50.91,Techies,Travel
C0626,Influencer,South,Q3,125182,225361,884321,13908,13038,9.0,1.57,93.74,Travelers,Education
C0627,Email,North,Q2,113455,162139,439023,17690,1465,6.41,4.03,8.28,Fitness Buffs,Education
C0628,Social Media,East,Q3,152542,194674,708008,17773,17587,8.58,2.51,98.95,Parents,Grocery
C0629,Email,North,Q3,169097,211472,503327,16080,9291,10.52,3.19,57.78,Fashionistas,Finance
C0630,Search,South,Q2,199699,363762,417118,9321,1278,21.42,2.23,13.71,Fitness Buffs,Furniture
C0631,Display,West,Q1,168795,172494,858858,3841,1751,43.95,0.45,45.59,Fitness Buffs,Grocery
C0632,Influencer,East,Q3,183850,299342,419659,13511,10378,13.61,3.22,76.81,Fashionistas,Education
C0633,Social Media,East,Q2,151851,189101,534001,4090,3109,37.13,0.77,76.01,Homeowners,Apparel
C0634,Email,East,Q3,129890,170304,774060,13792,338,9.42,1.78,2.45,Homeowners,Education
C0635,Influencer,North,Q3,96943,144696,307505,10567,7533,9.17,3.44,71.29,Fitness Buffs,Furniture
C0636,Display,East,Q1,190863,195864,243137,2285,2001,83.53,0.94,87.57,Students,Travel
C0637,Search,East,Q2,75273,75341,424144,14760,14720,5.1,3.48,99.73,Foodies,Apparel
C0638,Influencer,East,Q3,97006,189767,402705,7195,2026,13.48,1.79,28.16,Foodies,Finance
C0639,Search,East,Q3,129916,242968,828216,9621,4965,13.5,1.16,51.61,Fashionistas,Education
C0640,Influencer,West,Q4,102968,146255,747859,18530,5995,5.56,2.48,32.35,Students,Wellness
C0641,Social Media,West,Q1,137773,163980,916282,6581,2376,20.93,0.72,36.1,Students,Travel
C0642,Social Media,South,Q3,110662,172288,634426,18067,12676,6.13,2.85,70.16,Parents,Education
C0643,Social Media,South,Q4,124062,153764,364318,15184,1275,8.17,4.17,8.4,Foodies,Travel
C0644,Email,East,Q4,153236,210891,650973,19809,279,7.74,3.04,1.41,Fitness Buffs,Electronics
C0645,Email,West,Q1,163006,193629,923062,18652,1229,8.74,2.02,6.59,Fitness Buffs,Education
C0646,Search,West,Q3,160071,202754,284303,5137,692,31.16,1.81,13.47,Students,Travel
C0647,Social Media,North,Q1,118627,166663,522477,4614,608,25.71,0.88,13.18,Parents,Education
C0648,Social Media,North,Q2,126569,158903,386380,7706,636,16.42,1.99,8.25,Students,Furniture
C0649,Social Media,East,Q3,103252,189311,346632,14437,11450,7.15,4.16,79.31,Homeowners,Grocery
C0650,Social Media,West,Q3,122905,210249,882193,17874,16133,6.88,2.03,90.26,Travelers,Grocery
C0651,Display,West,Q1,60224,98656,157145,7160,6149,8.41,4.56,85.88,Students,Travel
C0652,Influencer,West,Q4,135881,210808,906512,17532,3762,7.75,1.93,21.46,Students,Electronics
C0653,Social Media,West,Q1,155052,284811,837513,5398,3987,28.72,0.64,73.86,Parents,Electronics
C0654,Display,East,Q2,199591,364110,237471,11096,3174,17.99,4.67,28.6,Foodies,Furniture
C0655,Email,South,Q4,196205,276997,449398,15379,14649,12.76,3.42,95.25,Travelers,Furniture
C0656,Search,South,Q2,180508,231178,283985,3071,3064,58.78,1.08,99.77,Homeowners,Electronics
C0657,Social Media,West,Q4,100056,133748,571687,2838,2167,35.26,0.5,76.36,Fashionistas,Finance
C0658,Display,North,Q4,64431,71914,474148,19771,7925,3.26,4.17,40.08,Parents,Travel
C0659,Search,North,Q4,64658,72190,605248,15969,3639,4.05,2.64,22.79,Techies,Travel
C0660,Influencer,North,Q4,84065,95787,716240,4179,1526,20.12,0.58,36.52,Homeowners,Education
C0661,Search,West,Q3,83738,88452,537418,11053,9505,7.58,2.06,85.99,Travelers,Education
C0662,Search,West,Q2,190938,381433,549631,9860,3668,19.36,1.79,37.2,Students,Education
C0663,Email,West,Q4,62854,122454,763856,16575,5657,3.79,2.17,34.13,Travelers,Wellness
C0664,Display,East,Q1,150296,210929,860045,9987,3217,15.05,1.16,32.21,Travelers,Electronics
C0665,Search,South,Q3,188063,250464,577957,7444,4566,25.26,1.29,61.34,Fitness Buffs,Wellness
C0666,Social Media,North,Q4,190412,356599,400596,12690,9952,15.0,3.17,78.42,Students,Wellness
C0667,Search,South,Q3,66904,74253,500306,9511,951,7.03,1.9,10.0,Travelers,Electronics
C0668,Influencer,East,Q3,143736,229804,315953,17346,14757,8.29,5.49,85.07,Parents,Electronics
C0669,Influencer,East,Q1,64852,71619,760352,5746,3909,11.29,0.76,68.03,Foodies,Electronics
C0670,Email,West,Q4,160799,230707,703279,10459,9216,15.37,1.49,88.12,Parents,Wellness
C0671,Email,West,Q3,65388,94941,207954,15793,1202,4.14,7.59,7.61,Fashionistas,Grocery
C0672,Search,North,Q1,173408,337783,931138,14672,4062,11.82,1.58,27.69,Students,Travel
C0673,Email,East,Q1,97608,146377,158864,7576,964,12.88,4.77,12.72,Fashionistas,Furniture
C0674,Search,South,Q3,64178,91577,687995,13911,12464,4.61,2.02,89.6,Parents,Wellness
C0675,Search,North,Q3,159772,266185,940209,9658,6542,16.54,1.03,67.74,Techies,Apparel
C0676,Influencer,West,Q3,70014,120222,589151,8536,6377,8.2,1.45,74.71,Fashionistas,Grocery
C0677,Influencer,South,Q3,64719,102472,438821,5809,3574,11.14,1.32,61.53,Fashionistas,Finance
C0678,Display,South,Q4,189825,197239,270493,5680,5500,33.42,2.1,96.83,Students,Grocery
C0679,Display,West,Q4,149604,209254,869102,15568,569,9.61,1.79,3.65,Parents,Wellness
C0680,Search,West,Q2,161121,320091,343927,7567,5296,21.29,2.2,69.99,Parents,Finance
C0681,Social Media,West,Q2,160274,238924,688957,3319,3235,48.29,0.48,97.47,Students,Electronics
C0682,Influencer,South,Q4,155031,188260,368726,12332,4869,12.57,3.34,39.48,Students,Apparel
C0683,Email,North,Q2,172151,335280,961381,6504,5307,26.47,0.68,81.6,Foodies,Furniture
C0684,Influencer,South,Q3,74404,147791,645592,14641,10804,5.08,2.27,73.79,Homeowners,Wellness
C0685,Search,West,Q2,54031,90109,924096,3259,1470,16.58,0.35,45.11,Fashionistas,Apparel
C0686,Search,North,Q4,113816,121559,102749,12501,10793,9.1,12.17,86.34,Foodies,Grocery
C0687,Email,East,Q3,196992,352297,458562,5729,4963,34.39,1.25,86.63,Fashionistas,Furniture
C0688,Search,West,Q2,185788,221706,976737,16245,15903,11.44,1.66,97.89,Techies,Education
C0689,Display,East,Q4,52040,68089,843219,6183,4632,8.42,0.73,74.92,Fashionistas,Apparel
C0690,Influencer,West,Q3,136889,150158,178068,15484,14045,8.84,8.7,90.71,Fitness Buffs,Grocery
C0691,Influencer,East,Q3,130251,213302,599793,3292,459,39.57,0.55,13.94,Foodies,Wellness
C0692,Influencer,North,Q3,120895,229653,999693,5735,4786,21.08,0.57,83.45,Parents,Grocery
C0693,Search,West,Q1,94691,102673,404271,9976,9625,9.49,2.47,96.48,Techies,Travel
C0694,Social Media,East,Q4,93982,118154,911040,17088,3500,5.5,1.88,20.48,Homeowners,Wellness
C0695,Email,West,Q3,145182,238021,329987,11404,2654,12.73,3.46,23.27,Students,Grocery
C0696,Social Media,West,Q3,65067,73211,397591,6008,1238,10.83,1.51,20.61,Homeowners,Education
C0697,Display,North,Q4,172949,204707,562077,8165,265,21.18,1.45,3.25,Fashionistas,Electronics
C0698,Display,North,Q4,166582,225571,913995,2168,727,76.84,0.24,33.53,Foodies,Education
C0699,Display,South,Q1,157507,214479,903425,7997,5015,19.7,0.89,62.71,Travelers,Electronics
C0700,Influencer,East,Q2,156346,305445,286421,19496,506,8.02,6.81,2.6,Techies,Finance
C0701,Search,West,Q3,175856,343419,565085,13954,11235,12.6,2.47,80.51,Homeowners,Wellness
C0702,Email,East,Q2,108425,117392,232251,17173,5377,6.31,7.39,31.31,Students,Finance
C0703,Email,West,Q1,189782,334623,383918,4901,3169,38.72,1.28,64.66,Fashionistas,Travel
C0704,Influencer,South,Q4,127166,228989,714325,14171,8354,8.97,1.98,58.95,Foodies,Electronics
C0705,Display,North,Q3,153546,300523,346897,7433,673,20.66,2.14,9.05,Homeowners,Grocery
C0706,Display,North,Q3,175754,320347,479349,8512,2737,20.65,1.78,32.15,Foodies,Grocery
C0707,Display,South,Q3,113663,199762,150879,13685,13069,8.31,9.07,95.5,Parents,Furniture
C0708,Display,North,Q2,190053,304280,120419,16960,16017,11.21,14.08,94.44,Foodies,Grocery
C0709,Search,West,Q2,88026,136478,642098,11057,3290,7.96,1.72,29.75,Parents,Travel
C0710,Email,West,Q1,169316,309350,977512,16681,5980,10.15,1.71,35.85,Parents,Travel
C0711,Email,South,Q4,92539,96451,947429,11466,8443,8.07,1.21,73.64,Techies,Education
C0712,Email,East,Q4,115606,126589,443057,6003,5190,19.26,1.35,86.46,Techies,Wellness
C0713,Influencer,West,Q4,64151,126041,534384,10671,3979,6.01,2.0,37.29,Travelers,Electronics
C0714,Search,West,Q4,81260,87819,712361,10318,6392,7.88,1.45,61.95,Students,Wellness
C0715,Social Media,West,Q4,195925,228277,648326,17722,410,11.06,2.73,2.31,Homeowners,Education
C0716,Email,South,Q2,114151,211272,361389,6604,2710,17.29,1.83,41.04,Travelers,Finance
C0717,Display,West,Q2,119510,162908,724549,12101,6072,9.88,1.67,50.18,Parents,Grocery
C0718,Display,West,Q4,64061,69619,589495,13452,6371,4.76,2.28,47.36,Foodies,Travel
C0719,Email,North,Q2,99701,125786,516265,17048,13226,5.85,3.3,77.58,Fashionistas,Finance
C0720,Influencer,South,Q2,158220,302824,433076,9936,2462,15.92,2.29,24.78,Techies,Travel
C0721,Influencer,West,Q4,150919,251425,623131,16681,4808,9.05,2.68,28.82,Techies,Electronics
C0722,Search,South,Q1,146665,148692,241595,5952,5397,24.64,2.46,90.68,Homeowners,Furniture
C0723,Search,West,Q3,185156,218175,277411,3015,1041,61.41,1.09,34.53,Travelers,Furniture
C0724,Search,East,Q2,152157,270677,811334,15564,5170,9.78,1.92,33.22,Techies,Education
C0725,Social Media,West,Q2,141292,145257,803768,18474,5262,7.65,2.3,28.48,Students,Grocery
C0726,Social Media,North,Q2,171146,300675,264934,7621,3623,22.46,2.88,47.54,Fitness Buffs,Furniture
C0727,Email,East,Q4,55399,98487,655871,3334,1123,16.62,0.51,33.68,Homeowners,Travel
C0728,Influencer,West,Q3,149409,200265,495150,2393,1519,62.44,0.48,63.48,Techies,Wellness
C0729,Display,South,Q2,111057,123520,479893,18594,4457,5.97,3.87,23.97,Fashionistas,Travel
C0730,Influencer,South,Q2,164003,166242,592674,2106,1551,77.87,0.36,73.65,Fitness Buffs,Grocery
C0731,Social Media,South,Q3,155006,226658,738529,9070,8340,17.09,1.23,91.95,Fitness Buffs,Electronics
C0732,Search,East,Q1,88649,163453,998049,14884,14149,5.96,1.49,95.06,Techies,Electronics
C0733,Display,West,Q1,79522,148590,740590,18771,12312,4.24,2.53,65.59,Fitness Buffs,Wellness
C0734,Search,West,Q3,91588,98737,371921,8099,6265,11.31,2.18,77.36,Homeowners,Electronics
C0735,Display,South,Q1,127135,212086,680765,13546,7456,9.39,1.99,55.04,Fashionistas,Furniture
C0736,Social Media,West,Q4,74280,96813,454789,6150,1370,12.08,1.35,22.28,Travelers,Apparel
C0737,Email,East,Q3,133200,154990,943714,13123,9091,10.15,1.39,69.28,Techies,Education
C0738,Influencer,West,Q2,180173,192410,505512,15681,6742,11.49,3.1,42.99,Travelers,Finance
C0739,Social Media,West,Q4,74102,91737,764593,4514,3144,16.42,0.59,69.65,Fitness Buffs,Education
C0740,Social Media,West,Q3,143279,179568,318302,18419,13000,7.78,5.79,70.58,Travelers,Finance
C0741,Email,West,Q1,193172,257799,608423,5505,1964,35.09,0.9,35.68,Travelers,Education
C0742,Search,North,Q2,69318,119640,101141,12509,11841,5.54,12.37,94.66,Travelers,Finance
C0743,Influencer,East,Q4,63474,93665,272394,6838,4815,9.28,2.51,70.42,Techies,Finance
C0744,Display,North,Q3,90372,140696,794126,3249,2530,27.82,0.41,77.87,Foodies,Furniture
C0745,Email,West,Q3,76339,144780,510638,16491,13741,4.63,3.23,83.32,Fitness Buffs,Wellness
C0746,Display,North,Q4,53765,98636,541799,14231,12649,3.78,2.63,88.88,Foodies,Furniture
C0747,Social Media,East,Q1,98990,178813,157762,3365,2253,29.42,2.13,66.95,Fitness Buffs,Education
C0748,Email,North,Q4,166088,270399,826492,10758,10158,15.44,1.3,94.42,Parents,Finance
C0749,Influencer,North,Q4,112397,142554,828393,12144,4805,9.26,1.47,39.57,Parents,Furniture
C0750,Display,South,Q3,149287,170324,215996,6143,2489,24.3,2.84,40.52,Students,Travel
C0751,Email,East,Q1,108231,173069,527951,11626,10458,9.31,2.2,89.95,Students,Furniture
C0752,Email,North,Q2,117136,165172,567871,11067,4828,10.58,1.95,43.63,Foodies,Education
C0753,Display,South,Q4,67974,90920,553457,13069,7105,5.2,2.36,54.37,Travelers,Apparel
C0754,Influencer,South,Q1,173611,221214,374109,19005,18678,9.14,5.08,98.28,Parents,Grocery
C0755,Influencer,North,Q2,132313,196175,270869,16714,2479,7.92,6.17,14.83,Parents,Education
C0756,Influencer,South,Q1,185952,217669,420456,17764,1844,10.47,4.22,10.38,Parents,Electronics
C0757,Email,West,Q2,76676,121279,327422,9179,2369,8.35,2.8,25.81,Fitness Buffs,Education
C0758,Email,South,Q3,186834,255229,738639,18889,12361,9.89,2.56,65.44,Foodies,Grocery
C0759,Social Media,West,Q1,169743,236405,108695,6589,5908,25.76,6.06,89.66,Students,Electronics
C0760,Influencer,West,Q3,58372,75225,229521,17430,3667,3.35,7.59,21.04,Parents,Furniture
C0761,Display,North,Q3,135046,190481,966124,12682,724,10.65,1.31,5.71,Techies,Education
C0762,Display,South,Q2,194655,309410,881559,9308,413,20.91,1.06,4.44,Techies,Education
C0763,Influencer,South,Q4,94611,136890,994302,16682,1621,5.67,1.68,9.72,Fitness Buffs,Travel
C0764,Search,North,Q2,53912,98798,839892,17213,9718,3.13,2.05,56.46,Techies,Wellness
C0765,Display,East,Q3,155350,247780,646764,19504,9436,7.97,3.02,48.38,Travelers,Education
C0766,Influencer,South,Q1,100499,135028,213261,15148,2113,6.63,7.1,13.95,Travelers,Grocery
C0767,Social Media,West,Q1,99285,133231,565538,12620,3965,7.87,2.23,31.42,Fashionistas,Apparel
C0768,Display,East,Q3,88546,147961,259268,4951,1018,17.88,1.91,20.56,Techies,Apparel
C0769,Social Media,North,Q4,188558,280309,992179,9237,2250,20.41,0.93,24.36,Fashionistas,Apparel
C0770,Search,South,Q1,186828,219780,508122,8931,7876,20.92,1.76,88.19,Fashionistas,Grocery
C0771,Influencer,North,Q4,170627,230210,771201,18493,10522,9.23,2.4,56.9,Parents,Travel
C0772,Email,North,Q2,99782,150540,739266,13022,11281,7.66,1.76,86.63,Homeowners,Grocery
C0773,Social Media,West,Q3,164197,213853,431071,18259,12262,8.99,4.24,67.16,Techies,Wellness
C0774,Display,West,Q3,109790,211490,633059,9874,1052,11.12,1.56,10.65,Travelers,Grocery
C0775,Email,North,Q4,84700,92456,941791,19812,17794,4.28,2.1,89.81,Parents,Education
C0776,Influencer,West,Q3,168772,233866,234744,4514,1874,37.39,1.92,41.52,Foodies,Travel
C0777,Social Media,West,Q4,112258,160716,387955,3822,3020,29.37,0.99,79.02,Techies,Furniture
C0778,Display,East,Q1,144284,235742,843616,8746,7879,16.5,1.04,90.09,Travelers,Furniture
C0779,Search,West,Q3,137491,194225,390819,7322,6200,18.78,1.87,84.68,Foodies,Apparel
C0780,Influencer,North,Q3,94992,126157,248285,15920,2554,5.97,6.41,16.04,Fitness Buffs,Wellness
C0781,Email,West,Q2,130458,255659,846750,10343,7054,12.61,1.22,68.2,Foodies,Finance
C0782,Display,North,Q1,151630,253126,184233,17262,7710,8.78,9.37,44.66,Foodies,Finance
C0783,Social Media,East,Q1,98127,184064,511690,6602,722,14.86,1.29,10.94,Foodies,Grocery
C0784,Influencer,East,Q2,124731,128513,561316,5569,2619,22.4,0.99,47.03,Parents,Grocery
C0785,Social Media,East,Q4,100489,153349,807570,11659,11398,8.62,1.44,97.76,Parents,Education
C0786,Display,East,Q2,148074,222868,193049,18878,196,7.84,9.78,1.04,Travelers,Apparel
C0787,Influencer,West,Q1,64332,64341,973084,6351,3787,10.13,0.65,59.63,Homeowners,Apparel
C0788,Influencer,West,Q2,145267,260052,538509,17801,14456,8.16,3.31,81.21,Travelers,Travel
C0789,Social Media,North,Q1,60122,115887,864772,8653,6171,6.95,1.0,71.32,Homeowners,Furniture
C0790,Social Media,West,Q3,81251,120639,508150,17392,13544,4.67,3.42,77.87,Fitness Buffs,Apparel
C0791,Social Media,North,Q1,111322,173065,910540,18307,4212,6.08,2.01,23.01,Foodies,Wellness
C0792,Social Media,South,Q3,98475,151249,938931,4614,200,21.34,0.49,4.33,Travelers,Finance
C0793,Social Media,East,Q2,138588,145667,731951,6454,4915,21.47,0.88,76.15,Parents,Wellness
C0794,Influencer,West,Q4,87322,96699,229913,9644,959,9.05,4.19,9.94,Parents,Electronics
C0795,Email,East,Q1,134936,225378,776118,2483,1371,54.34,0.32,55.22,Foodies,Furniture
C0796,Display,South,Q4,124814,169319,180604,7221,3374,17.28,4.0,46.72,Fashionistas,Education
C0797,Email,South,Q1,128629,180507,455402,11093,9253,11.6,2.44,83.41,Students,Education
C0798,Email,North,Q4,199774,286365,488269,5074,1356,39.37,1.04,26.72,Fashionistas,Wellness
C0799,Search,East,Q1,155421,175436,584857,3426,2183,45.37,0.59,63.72,Fashionistas,Education
C0800,Influencer,West,Q2,134509,192543,478521,4779,840,28.15,1.0,17.58,Fitness Buffs,Finance
C0801,Social Media,South,Q3,182737,215612,762152,3600,1283,50.76,0.47,35.64,Techies,Apparel
C0802,Social Media,North,Q2,75180,126204,812844,4024,345,18.68,0.5,8.57,Homeowners,Grocery
C0803,Influencer,North,Q3,74907,144676,841105,17474,17374,4.29,2.08,99.43,Fashionistas,Wellness
C0804,Search,East,Q2,110594,121991,273422,15334,11395,7.21,5.61,74.31,Foodies,Education
C0805,Search,North,Q4,144258,213023,426379,10474,1768,13.77,2.46,16.88,Fitness Buffs,Finance
C0806,Search,North,Q1,190559,343318,694861,10674,2525,17.85,1.54,23.66,Students,Apparel
C0807,Search,South,Q1,81416,148145,347606,11700,10552,6.96,3.37,90.19,Fitness Buffs,Apparel
C0808,Search,East,Q4,168156,173527,931511,4765,1589,35.29,0.51,33.35,Techies,Education
C0809,Email,West,Q1,68841,133343,384511,13864,5685,4.97,3.61,41.01,Homeowners,Education
C0810,Display,North,Q3,54562,106548,966347,10940,9168,4.99,1.13,83.8,Fashionistas,Furniture
C0811,Search,North,Q1,94115,186599,361867,3534,2553,26.63,0.98,72.24,Fitness Buffs,Education
C0812,Display,West,Q2,159204,273078,136042,13534,7918,11.76,9.95,58.5,Fitness Buffs,Grocery
C0813,Influencer,North,Q3,65325,127135,333869,18927,3886,3.45,5.67,20.53,Foodies,Furniture
C0814,Display,South,Q1,158587,187322,262327,12806,9066,12.38,4.88,70.79,Homeowners,Wellness
C0815,Search,West,Q4,187383,255149,196234,12942,2578,14.48,6.6,19.92,Fashionistas,Furniture
C0816,Email,North,Q1,116631,203046,958361,5200,4617,22.43,0.54,88.79,Fashionistas,Travel
C0817,Search,North,Q2,61074,119793,185943,7037,1278,8.68,3.78,18.16,Fashionistas,Education
C0818,Display,South,Q4,137118,144751,898338,8845,8534,15.5,0.98,96.48,Parents,Electronics
C0819,Email,East,Q2,190716,347531,158586,7364,6589,25.9,4.64,89.48,Techies,Finance
C0820,Email,South,Q2,85497,153673,277441,9418,5143,9.08,3.39,54.61,Homeowners,Furniture
C0821,Email,South,Q2,72985,100963,117713,16985,4124,4.3,14.43,24.28,Fitness Buffs,Furniture
C0822,Email,North,Q3,147381,173253,735516,14026,2420,10.51,1.91,17.25,Homeowners,Apparel
C0823,Email,East,Q2,112733,124892,757808,4134,2586,27.27,0.55,62.55,Travelers,Wellness
C0824,Email,North,Q4,137127,154814,397651,19366,14143,7.08,4.87,73.03,Parents,Education
C0825,Email,East,Q2,82849,127353,697437,6542,2312,12.66,0.94,35.34,Travelers,Travel
C0826,Email,South,Q2,150171,222889,792725,9988,5976,15.04,1.26,59.83,Parents,Apparel
C0827,Email,North,Q3,169652,317573,768695,14239,469,11.91,1.85,3.29,Techies,Wellness
C0828,Display,East,Q4,162582,304522,202516,3614,497,44.99,1.78,13.75,Foodies,Apparel
C0829,Search,East,Q1,139409,244478,680759,17433,6575,8.0,2.56,37.72,Students,Grocery
C0830,Email,South,Q2,69523,72232,910141,16451,7780,4.23,1.81,47.29,Techies,Furniture
C0831,Email,South,Q3,103850,179974,146241,2817,1191,36.87,1.93,42.28,Fashionistas,Grocery
C0832,Search,South,Q2,107289,116754,626750,6510,133,16.48,1.04,2.04,Parents,Apparel
C0833,Search,East,Q1,99741,135012,462088,11857,11576,8.41,2.57,97.63,Students,Apparel
C0834,Display,East,Q4,114373,125953,672097,11997,1055,9.53,1.79,8.79,Fitness Buffs,Grocery
C0835,Email,South,Q1,148670,250841,806921,7961,4342,18.67,0.99,54.54,Homeowners,Finance
C0836,Social Media,South,Q2,61036,84700,670534,8396,8271,7.27,1.25,98.51,Foodies,Wellness
C0837,Display,West,Q2,129924,159234,450828,19677,7594,6.6,4.36,38.59,Homeowners,Travel
C0838,Search,West,Q4,77298,131051,148945,12418,8965,6.22,8.34,72.19,Travelers,Furniture
C0839,Influencer,North,Q4,126641,227329,161530,6821,4477,18.57,4.22,65.64,Fitness Buffs,Education
C0840,Social Media,South,Q3,167911,183214,983810,7405,4380,22.68,0.75,59.15,Techies,Wellness
C0841,Display,North,Q4,157646,212563,862860,8982,171,17.55,1.04,1.9,Fitness Buffs,Furniture
C0842,Search,East,Q4,54929,62528,134144,6362,825,8.63,4.74,12.97,Techies,Furniture
C0843,Display,South,Q2,106491,187171,887092,16247,6458,6.55,1.83,39.75,Homeowners,Grocery
C0844,Display,East,Q4,95783,124035,632451,12520,2794,7.65,1.98,22.32,Parents,Wellness
C0845,Display,North,Q2,193113,275633,210764,6188,1793,31.21,2.94,28.98,Homeowners,Travel
C0846,Display,South,Q3,101869,202851,345505,7963,7474,12.79,2.3,93.86,Techies,Electronics
C0847,Email,East,Q1,106911,194878,574305,16179,7786,6.61,2.82,48.12,Travelers,Finance
C0848,Search,South,Q2,135822,257534,644485,6232,442,21.79,0.97,7.09,Students,Apparel
C0849,Social Media,South,Q1,102702,136828,356580,7506,3543,13.68,2.1,47.2,Parents,Apparel
C0850,Social Media,South,Q4,150234,223988,699075,16940,8209,8.87,2.42,48.46,Parents,Wellness
C0851,Display,South,Q2,131291,217014,601193,15480,11036,8.48,2.57,71.29,Students,Wellness
C0852,Display,North,Q2,155365,238621,777573,18157,7731,8.56,2.34,42.58,Parents,Grocery
C0853,Search,West,Q3,61795,103306,922763,12258,8654,5.04,1.33,70.6,Travelers,Furniture
C0854,Email,East,Q4,155895,291034,668489,9588,1988,16.26,1.43,20.73,Travelers,Education
C0855,Search,South,Q1,108569,144657,580226,6139,970,17.69,1.06,15.8,Students,Furniture
C0856,Display,West,Q4,195749,300197,520717,7249,7053,27.0,1.39,97.3,Students,Travel
C0857,Influencer,South,Q4,183669,221861,183321,7530,4649,24.39,4.11,61.74,Parents,Grocery
C0858,Social Media,West,Q4,89834,151210,370922,14269,927,6.3,3.85,6.5,Techies,Grocery
C0859,Social Media,East,Q3,62949,75263,685785,3334,405,18.88,0.49,12.15,Fashionistas,Apparel
C0860,Social Media,North,Q3,109884,149819,245195,14627,12858,7.51,5.97,87.91,Foodies,Apparel
C0861,Social Media,East,Q2,82851,126579,157745,18233,7417,4.54,11.56,40.68,Fitness Buffs,Wellness
C0862,Display,West,Q4,52412,58483,258737,5967,3180,8.78,2.31,53.29,Students,Travel
C0863,Display,North,Q4,138264,177270,133784,11524,7589,12.0,8.61,65.85,Fitness Buffs,Grocery
C0864,Email,West,Q2,106869,175605,283551,17346,10128,6.16,6.12,58.39,Techies,Electronics
C0865,Search,West,Q3,86869,163007,565773,17817,11708,4.88,3.15,65.71,Techies,Furniture
C0866,Display,East,Q4,173414,198107,563845,17966,5133,9.65,3.19,28.57,Fitness Buffs,Travel
C0867,Search,East,Q4,95393,99487,739203,4200,1976,22.71,0.57,47.05,Fashionistas,Furniture
C0868,Influencer,North,Q2,182783,251232,297057,11275,9358,16.21,3.8,83.0,Travelers,Travel
C0869,Influencer,North,Q2,192748,297177,605695,7844,7465,24.57,1.3,95.17,Parents,Finance
C0870,Display,West,Q1,192193,252707,431350,3521,2134,54.58,0.82,60.61,Parents,Grocery
C0871,Social Media,West,Q4,182324,344289,345885,11971,7185,15.23,3.46,60.02,Foodies,Education
C0872,Influencer,East,Q3,158888,296799,401838,12011,10648,13.23,2.99,88.65,Techies,Grocery
C0873,Email,North,Q4,147214,224201,228206,17638,6042,8.35,7.73,34.26,Fitness Buffs,Education
C0874,Social Media,South,Q1,152913,294968,791016,16437,1098,9.3,2.08,6.68,Travelers,Wellness
C0875,Social Media,South,Q3,197963,240548,940742,2561,2455,77.3,0.27,95.86,Fitness Buffs,Wellness
C0876,Display,South,Q4,150446,194153,487827,17216,9805,8.74,3.53,56.95,Homeowners,Travel
C0877,Influencer,East,Q1,86810,115721,950827,12307,3652,7.05,1.29,29.67,Travelers,Furniture
C0878,Influencer,North,Q2,189145,259152,162528,13764,1350,13.74,8.47,9.81,Fitness Buffs,Apparel
C0879,Email,East,Q2,157205,278073,395523,6437,5476,24.42,1.63,85.07,Travelers,Furniture
C0880,Social Media,North,Q2,77102,78706,213886,17396,673,4.43,8.13,3.87,Techies,Furniture
C0881,Search,North,Q2,133778,212997,818451,18515,11527,7.23,2.26,62.26,Travelers,Grocery
C0882,Social Media,West,Q4,160152,204377,770250,2380,1877,67.29,0.31,78.87,Students,Apparel
C0883,Display,West,Q2,51102,81644,318417,17852,9225,2.86,5.61,51.67,Homeowners,Travel
C0884,Email,North,Q1,72478,132524,230457,16602,15665,4.37,7.2,94.36,Parents,Furniture
C0885,Influencer,North,Q4,167439,318143,895171,17050,9498,9.82,1.9,55.71,Fashionistas,Electronics
C0886,Email,South,Q2,180870,293669,540873,19295,13792,9.37,3.57,71.48,Foodies,Grocery
C0887,Influencer,West,Q3,79193,92012,196471,16865,15927,4.7,8.58,94.44,Students,Finance
C0888,Email,East,Q2,115431,153543,797112,10759,5026,10.73,1.35,46.71,Students,Wellness
C0889,Social Media,North,Q1,138957,229324,471167,8282,7979,16.78,1.76,96.34,Techies,Furniture
C0890,Display,South,Q3,75364,132783,387419,2145,1435,35.13,0.55,66.9,Techies,Apparel
C0891,Social Media,South,Q4,152715,235986,971748,12618,3394,12.1,1.3,26.9,Foodies,Finance
C0892,Search,West,Q2,89199,138884,399059,2576,1406,34.63,0.65,54.58,Techies,Travel
C0893,Display,North,Q1,139851,220692,212289,18412,16025,7.6,8.67,87.04,Foodies,Education
C0894,Search,North,Q3,186021,284971,504013,5149,2093,36.13,1.02,40.65,Techies,Travel
C0895,Social Media,West,Q2,189265,268569,172957,16013,15489,11.82,9.26,96.73,Fitness Buffs,Travel
C0896,Display,South,Q1,67324,131520,115758,2166,1287,31.08,1.87,59.42,Fashionistas,Travel
C0897,Display,West,Q1,97439,130284,724823,2607,1112,37.38,0.36,42.65,Foodies,Travel
C0898,Influencer,East,Q1,127113,199264,518713,4357,718,29.17,0.84,16.48,Foodies,Education
C0899,Social Media,South,Q2,103064,118012,168259,11130,8895,9.26,6.61,79.92,Students,Finance
C0900,Search,North,Q3,148207,241548,929642,8996,7820,16.47,0.97,86.93,Homeowners,Finance
C0901,Display,East,Q3,86401,141190,356717,11180,7835,7.73,3.13,70.08,Travelers,Education
C0902,Email,West,Q4,86764,148549,612590,3579,2122,24.24,0.58,59.29,Foodies,Education
C0903,Email,West,Q2,89792,121919,402680,18400,15521,4.88,4.57,84.35,Students,Apparel
C0904,Social Media,North,Q4,167572,220705,411961,9102,3745,18.41,2.21,41.14,Fashionistas,Grocery
C0905,Email,South,Q3,139353,175091,732083,19960,6899,6.98,2.73,34.56,Fashionistas,Wellness
C0906,Email,North,Q2,107834,130755,109301,4656,3130,23.16,4.26,67.23,Techies,Electronics
C0907,Display,South,Q1,51715,91930,539742,17525,12978,2.95,3.25,74.05,Fashionistas,Electronics
C0908,Influencer,West,Q1,54987,107646,982081,16587,12015,3.32,1.69,72.44,Parents,Travel
C0909,Display,East,Q3,111586,177844,103134,18561,16912,6.01,18.0,91.12,Parents,Finance
C0910,Search,North,Q3,59984,92600,488460,9133,7429,6.57,1.87,81.34,Fashionistas,Apparel
C0911,Social Media,East,Q4,104587,206415,998729,16612,8329,6.3,1.66,50.14,Techies,Education
C0912,Search,East,Q2,75103,150154,310378,13772,494,5.45,4.44,3.59,Fitness Buffs,Travel
C0913,Influencer,East,Q2,127904,178719,370746,8080,1386,15.83,2.18,17.15,Homeowners,Electronics
C0914,Influencer,South,Q4,145081,149494,502859,19919,15722,7.28,3.96,78.93,Students,Furniture
C0915,Influencer,North,Q2,62610,74181,564842,5035,2495,12.43,0.89,49.55,Students,Apparel
C0916,Display,North,Q4,123992,243079,277134,3593,2010,34.51,1.3,55.94,Homeowners,Grocery
C0917,Email,East,Q1,190101,269645,798117,19022,17640,9.99,2.38,92.73,Techies,Apparel
C0918,Email,West,Q3,123722,190189,746439,15924,6693,7.77,2.13,42.03,Fashionistas,Apparel
C0919,Display,North,Q1,190494,244042,248079,9557,8418,19.93,3.85,88.08,Fitness Buffs,Travel
C0920,Social Media,East,Q4,129386,189584,181617,4013,2718,32.24,2.21,67.73,Techies,Electronics
C0921,Email,South,Q2,181504,219410,656967,7213,3371,25.16,1.1,46.74,Travelers,Travel
C0922,Social Media,East,Q4,77364,130692,679204,17524,16110,4.41,2.58,91.93,Fitness Buffs,Apparel
C0923,Search,South,Q4,117781,215529,578135,18390,7885,6.4,3.18,42.88,Techies,Grocery
C0924,Influencer,South,Q4,123414,180104,250683,13237,982,9.32,5.28,7.42,Fitness Buffs,Grocery
C0925,Email,North,Q1,73664,74621,373372,7912,2399,9.31,2.12,30.32,Fitness Buffs,Finance
C0926,Influencer,South,Q2,124740,142429,839461,11396,10968,10.95,1.36,96.24,Students,Apparel
C0927,Email,West,Q4,121135,137833,822960,9073,4672,13.35,1.1,51.49,Students,Travel
C0928,Search,West,Q3,199085,396897,633065,2425,562,82.1,0.38,23.18,Homeowners,Furniture
C0929,Influencer,West,Q4,191067,237404,558139,12852,2811,14.87,2.3,21.87,Travelers,Wellness
C0930,Influencer,West,Q1,84202,109411,103145,11687,5492,7.2,11.33,46.99,Parents,Apparel
C0931,Social Media,North,Q3,145864,244551,843413,13329,8403,10.94,1.58,63.04,Parents,Apparel
C0932,Display,West,Q4,173099,321358,760824,2626,1902,65.92,0.35,72.43,Foodies,Grocery
C0933,Influencer,South,Q3,139673,160605,990801,19136,11537,7.3,1.93,60.29,Students,Furniture
C0934,Display,South,Q3,72502,100337,697007,17011,13565,4.26,2.44,79.74,Foodies,Finance
C0935,Display,East,Q2,57197,64942,142335,17855,2714,3.2,12.54,15.2,Parents,Finance
C0936,Search,South,Q4,51733,86846,499518,3382,210,15.3,0.68,6.21,Travelers,Electronics
C0937,Email,East,Q3,161774,171130,413172,9638,7487,16.79,2.33,77.68,Homeowners,Education
C0938,Display,East,Q4,72017,79461,485875,16263,3105,4.43,3.35,19.09,Fashionistas,Grocery
C0939,Influencer,South,Q1,176602,254002,531436,2562,2117,68.93,0.48,82.63,Foodies,Electronics
C0940,Display,East,Q1,120815,134616,856540,7577,2488,15.94,0.88,32.84,Students,Apparel
C0941,Display,West,Q4,161439,241384,572487,8843,3201,18.26,1.54,36.2,Students,Travel
C0942,Influencer,West,Q4,166926,328979,325994,15032,7140,11.1,4.61,47.5,Fashionistas,Travel
C0943,Search,North,Q3,123229,204734,771979,18472,12831,6.67,2.39,69.46,Travelers,Wellness
C0944,Influencer,North,Q2,71564,100127,955102,5041,4521,14.2,0.53,89.68,Students,Electronics
C0945,Display,East,Q1,146367,181642,675981,10693,9371,13.69,1.58,87.64,Homeowners,Finance
C0946,Social Media,North,Q4,197361,381821,683620,5700,3341,34.62,0.83,58.61,Students,Finance
C0947,Search,North,Q4,107826,205849,701692,18202,4068,5.92,2.59,22.35,Foodies,Apparel
C0948,Email,South,Q3,149831,229201,132099,13627,3783,11.0,10.32,27.76,Fashionistas,Education
C0949,Display,South,Q1,167498,248392,160782,6836,154,24.5,4.25,2.25,Techies,Electronics
C0950,Display,West,Q4,144706,187351,723240,8850,2981,16.35,1.22,33.68,Techies,Furniture
C0951,Search,South,Q2,90644,142695,783200,10857,4611,8.35,1.39,42.47,Fitness Buffs,Wellness
C0952,Search,West,Q4,130987,159849,994282,7416,1827,17.66,0.75,24.64,Parents,Grocery
C0953,Search,West,Q1,127115,202047,172280,5033,4599,25.26,2.92,91.38,Fitness Buffs,Electronics
C0954,Display,West,Q4,81440,102663,455550,19679,17955,4.14,4.32,91.24,Homeowners,Electronics
C0955,Display,East,Q2,72221,108158,404312,5429,4918,13.3,1.34,90.59,Fitness Buffs,Furniture
C0956,Social Media,East,Q1,52725,96765,883354,18545,601,2.84,2.1,3.24,Foodies,Furniture
C0957,Influencer,North,Q3,156520,283168,945794,12712,7769,12.31,1.34,61.12,Parents,Travel
C0958,Social Media,West,Q2,98481,111725,117382,6928,1509,14.21,5.9,21.78,Homeowners,Wellness
C0959,Display,East,Q1,81607,85051,310735,13804,3117,5.91,4.44,22.58,Parents,Apparel
C0960,Social Media,South,Q2,134375,264354,667709,6760,3145,19.88,1.01,46.52,Homeowners,Furniture
C0961,Search,South,Q3,156508,280999,650634,2489,129,62.88,0.38,5.18,Fitness Buffs,Finance
C0962,Search,North,Q3,75127,148139,603980,12649,11958,5.94,2.09,94.54,Foodies,Furniture
C0963,Display,South,Q4,174592,320256,102145,4958,2880,35.21,4.85,58.09,Students,Grocery
C0964,Email,West,Q2,76855,97912,182973,12462,10494,6.17,6.81,84.21,Students,Travel
C0965,Search,South,Q4,195988,203790,452376,14729,7217,13.31,3.26,49.0,Techies,Education
C0966,Search,North,Q2,157201,188448,812598,16524,15397,9.51,2.03,93.18,Techies,Apparel
C0967,Influencer,West,Q4,71846,93419,521654,16890,6229,4.25,3.24,36.88,Travelers,Wellness
C0968,Search,West,Q1,54354,74282,759758,3543,1975,15.34,0.47,55.74,Parents,Grocery
C0969,Influencer,West,Q3,131888,160410,690183,2963,1834,44.51,0.43,61.9,Fashionistas,Education
C0970,Social Media,North,Q1,81795,103259,315431,2068,798,39.55,0.66,38.59,Techies,Wellness
C0971,Influencer,West,Q2,64150,77984,782061,15765,12740,4.07,2.02,80.81,Parents,Finance
C0972,Display,North,Q4,193099,306138,426693,15486,883,12.47,3.63,5.7,Techies,Furniture
C0973,Social Media,East,Q3,81594,93371,450328,19650,1730,4.15,4.36,8.8,Travelers,Apparel
C0974,Social Media,East,Q3,155347,225413,714909,7469,2781,20.8,1.04,37.23,Homeowners,Education
C0975,Influencer,West,Q1,79493,107054,690291,4105,1237,19.36,0.59,30.13,Fashionistas,Furniture
C0976,Social Media,West,Q3,59878,115944,302685,9474,4076,6.32,3.13,43.02,Students,Wellness
C0977,Email,South,Q3,87534,149774,513037,18393,7656,4.76,3.59,41.62,Techies,Grocery
C0978,Display,West,Q2,111540,157934,330500,10662,7858,10.46,3.23,73.7,Travelers,Finance
C0979,Display,North,Q2,57572,81199,624132,7858,2145,7.33,1.26,27.3,Homeowners,Travel
C0980,Display,North,Q2,169113,328004,285780,4671,3660,36.2,1.63,78.36,Foodies,Electronics
C0981,Email,West,Q3,177193,197989,217379,16049,14172,11.04,7.38,88.3,Fitness Buffs,Apparel
C0982,Social Media,South,Q4,188207,189020,125727,4668,3789,40.32,3.71,81.17,Travelers,Furniture
C0983,Social Media,South,Q1,82909,143059,674817,14584,3936,5.68,2.16,26.99,Fashionistas,Grocery
C0984,Display,West,Q1,56776,59368,647356,16415,10719,3.46,2.54,65.3,Homeowners,Furniture
C0985,Email,East,Q3,190513,259106,198086,11982,7753,15.9,6.05,64.71,Parents,Electronics
C0986,Social Media,South,Q3,154542,228571,164821,10238,5218,15.09,6.21,50.97,Travelers,Furniture
C0987,Email,West,Q3,96033,176444,542032,2859,2571,33.59,0.53,89.93,Fitness Buffs,Finance
C0988,Influencer,South,Q4,136479,182662,852218,9450,594,14.44,1.11,6.29,Fitness Buffs,Education
C0989,Influencer,East,Q3,100565,124171,131454,14983,14383,6.71,11.4,96.0,Travelers,Electronics
C0990,Display,West,Q2,81254,158011,476454,7831,3917,10.38,1.64,50.02,Fitness Buffs,Education
C0991,Influencer,East,Q3,190232,353147,900152,9235,4749,20.6,1.03,51.42,Students,Furniture
C0992,Display,West,Q1,107489,154585,735454,5117,2339,21.01,0.7,45.71,Students,Grocery
C0993,Email,East,Q1,180845,292213,894626,18842,229,9.6,2.11,1.22,Homeowners,Wellness
C0994,Email,West,Q2,164343,194309,253133,12694,11206,12.95,5.01,88.28,Fashionistas,Apparel
C0995,Email,North,Q4,51938,90650,165485,12444,11861,4.17,7.52,95.32,Students,Education
C0996,Influencer,North,Q4,94459,168206,892649,11925,8188,7.92,1.34,68.66,Fitness Buffs,Furniture
C0997,Influencer,North,Q4,51144,61568,995075,17084,10025,2.99,1.72,58.68,Homeowners,Finance
C0998,Influencer,West,Q1,183944,239723,525718,2085,272,88.22,0.4,13.05,Techies,Education
C0999,Social Media,South,Q1,136380,206918,607613,9364,333,14.56,1.54,3.56,Techies,Travel
C1000,Search,South,Q1,137021,195531,620348,11338,8996,12.09,1.83,79.34,Travelers,Wellness
